COD_INE;COD_Z;NOM_Z
01001;750102;"Llanada alavesa"
01002;750101;"Cuenca del Nervión"
01003;750101;"Cuenca del Nervión"
01004;750101;"Cuenca del Nervión"
01006;750102;"Llanada alavesa"
01008;750102;"Llanada alavesa"
01009;750102;"Llanada alavesa"
01010;750101;"Cuenca del Nervión"
01011;750103;"Rioja alavesa"
01013;750102;"Llanada alavesa"
01014;750102;"Llanada alavesa"
01016;750102;"Llanada alavesa"
01017;750102;"Llanada alavesa"
01018;750101;"Cuenca del Nervión"
01019;750103;"Rioja alavesa"
01020;750102;"Llanada alavesa"
01021;750102;"Llanada alavesa"
01022;750102;"Llanada alavesa"
01023;750102;"Llanada alavesa"
01027;750102;"Llanada alavesa"
01028;750102;"Llanada alavesa"
01030;750102;"Llanada alavesa"
01031;750102;"Llanada alavesa"
01032;750102;"Llanada alavesa"
01033;750102;"Llanada alavesa"
01034;750102;"Llanada alavesa"
01036;750101;"Cuenca del Nervión"
01037;750102;"Llanada alavesa"
01039;750102;"Llanada alavesa"
01041;750102;"Llanada alavesa"
01042;750101;"Cuenca del Nervión"
01043;750102;"Llanada alavesa"
01044;750102;"Llanada alavesa"
01049;750101;"Cuenca del Nervión"
01051;750101;"Cuenca del Nervión"
01052;750102;"Llanada alavesa"
01053;750101;"Cuenca del Nervión"
01054;750101;"Cuenca del Nervión"
01055;750101;"Cuenca del Nervión"
01056;750101;"Cuenca del Nervión"
01057;750102;"Llanada alavesa"
01058;750103;"Rioja alavesa"
01059;750101;"Cuenca del Nervión"
01060;750102;"Llanada alavesa"
01061;750101;"Cuenca del Nervión"
01062;750101;"Cuenca del Nervión"
01063;750103;"Rioja alavesa"
01901;750101;"Cuenca del Nervión"
01902;750101;"Cuenca del Nervión"
02001;680201;"La Mancha albaceteña"
02002;680201;"La Mancha albaceteña"
02003;680201;"La Mancha albaceteña"
02004;680203;"Hellín y Almansa"
02005;680201;"La Mancha albaceteña"
02006;680203;"Hellín y Almansa"
02007;680201;"La Mancha albaceteña"
02008;680203;"Hellín y Almansa"
02009;680203;"Hellín y Almansa"
02010;680203;"Hellín y Almansa"
02011;680203;"Hellín y Almansa"
02012;680201;"La Mancha albaceteña"
02013;680201;"La Mancha albaceteña"
02014;680201;"La Mancha albaceteña"
02015;680201;"La Mancha albaceteña"
02016;680203;"Hellín y Almansa"
02017;680203;"Hellín y Almansa"
02018;680203;"Hellín y Almansa"
02019;680201;"La Mancha albaceteña"
02020;680201;"La Mancha albaceteña"
02021;680201;"La Mancha albaceteña"
02022;680201;"La Mancha albaceteña"
02023;680201;"La Mancha albaceteña"
02024;680201;"La Mancha albaceteña"
02025;680203;"Hellín y Almansa"
02026;680201;"La Mancha albaceteña"
02027;680203;"Hellín y Almansa"
02028;680203;"Hellín y Almansa"
02029;680201;"La Mancha albaceteña"
02030;680203;"Hellín y Almansa"
02031;680203;"Hellín y Almansa"
02032;680201;"La Mancha albaceteña"
02033;680203;"Hellín y Almansa"
02034;680201;"La Mancha albaceteña"
02035;680201;"La Mancha albaceteña"
02036;680201;"La Mancha albaceteña"
02037;680203;"Hellín y Almansa"
02038;680201;"La Mancha albaceteña"
02039;680203;"Hellín y Almansa"
02040;680201;"La Mancha albaceteña"
02041;680201;"La Mancha albaceteña"
02042;680203;"Hellín y Almansa"
02043;680201;"La Mancha albaceteña"
02044;680203;"Hellín y Almansa"
02045;680201;"La Mancha albaceteña"
02046;680201;"La Mancha albaceteña"
02047;680203;"Hellín y Almansa"
02048;680201;"La Mancha albaceteña"
02049;680203;"Hellín y Almansa"
02050;680201;"La Mancha albaceteña"
02051;680203;"Hellín y Almansa"
02052;680201;"La Mancha albaceteña"
02053;680201;"La Mancha albaceteña"
02054;680201;"La Mancha albaceteña"
02055;680203;"Hellín y Almansa"
02056;680203;"Hellín y Almansa"
02057;680201;"La Mancha albaceteña"
02058;680203;"Hellín y Almansa"
02059;680203;"Hellín y Almansa"
02060;680203;"Hellín y Almansa"
02061;680203;"Hellín y Almansa"
02062;680203;"Hellín y Almansa"
02063;680203;"Hellín y Almansa"
02064;680201;"La Mancha albaceteña"
02065;680201;"La Mancha albaceteña"
02066;680201;"La Mancha albaceteña"
02067;680203;"Hellín y Almansa"
02068;680201;"La Mancha albaceteña"
02069;680201;"La Mancha albaceteña"
02070;680203;"Hellín y Almansa"
02071;680201;"La Mancha albaceteña"
02072;680203;"Hellín y Almansa"
02073;680201;"La Mancha albaceteña"
02074;680203;"Hellín y Almansa"
02075;680201;"La Mancha albaceteña"
02076;680203;"Hellín y Almansa"
02077;680201;"La Mancha albaceteña"
02078;680201;"La Mancha albaceteña"
02079;680201;"La Mancha albaceteña"
02080;680203;"Hellín y Almansa"
02081;680201;"La Mancha albaceteña"
02082;680201;"La Mancha albaceteña"
02083;680201;"La Mancha albaceteña"
02084;680203;"Hellín y Almansa"
02085;680201;"La Mancha albaceteña"
02086;680203;"Hellín y Almansa"
02901;680201;"La Mancha albaceteña"
03001;770301;"Litoral norte de Alicante"
03002;770303;"Litoral sur de Alicante"
03003;770301;"Litoral norte de Alicante"
03004;770303;"Litoral sur de Alicante"
03005;770303;"Litoral sur de Alicante"
03006;770301;"Litoral norte de Alicante"
03007;770301;"Litoral norte de Alicante"
03008;770301;"Litoral norte de Alicante"
03009;770302;"Interior de Alicante"
03010;770301;"Litoral norte de Alicante"
03011;770303;"Litoral sur de Alicante"
03012;770302;"Interior de Alicante"
03013;770302;"Interior de Alicante"
03014;770302;"Interior de Alicante"
03015;770302;"Interior de Alicante"
03016;770301;"Litoral norte de Alicante"
03017;770301;"Litoral norte de Alicante"
03018;770301;"Litoral norte de Alicante"
03019;770302;"Interior de Alicante"
03020;770301;"Litoral norte de Alicante"
03021;770302;"Interior de Alicante"
03022;770301;"Litoral norte de Alicante"
03023;770302;"Interior de Alicante"
03024;770302;"Interior de Alicante"
03025;770302;"Interior de Alicante"
03026;770301;"Litoral norte de Alicante"
03027;770301;"Litoral norte de Alicante"
03028;770301;"Litoral norte de Alicante"
03029;770301;"Litoral norte de Alicante"
03030;770301;"Litoral norte de Alicante"
03031;770302;"Interior de Alicante"
03032;770302;"Interior de Alicante"
03033;770301;"Litoral norte de Alicante"
03034;770302;"Interior de Alicante"
03035;770301;"Litoral norte de Alicante"
03036;770301;"Litoral norte de Alicante"
03037;770301;"Litoral norte de Alicante"
03038;770301;"Litoral norte de Alicante"
03039;770301;"Litoral norte de Alicante"
03040;770301;"Litoral norte de Alicante"
03041;770301;"Litoral norte de Alicante"
03042;770301;"Litoral norte de Alicante"
03043;770302;"Interior de Alicante"
03044;770302;"Interior de Alicante"
03045;770301;"Litoral norte de Alicante"
03046;770302;"Interior de Alicante"
03047;770301;"Litoral norte de Alicante"
03048;770301;"Litoral norte de Alicante"
03049;770302;"Interior de Alicante"
03050;770302;"Interior de Alicante"
03051;770302;"Interior de Alicante"
03052;770302;"Interior de Alicante"
03053;770302;"Interior de Alicante"
03054;770301;"Litoral norte de Alicante"
03055;770302;"Interior de Alicante"
03056;770301;"Litoral norte de Alicante"
03057;770301;"Litoral norte de Alicante"
03058;770302;"Interior de Alicante"
03059;770302;"Interior de Alicante"
03060;770301;"Litoral norte de Alicante"
03061;770302;"Interior de Alicante"
03062;770302;"Interior de Alicante"
03063;770301;"Litoral norte de Alicante"
03064;770302;"Interior de Alicante"
03065;770302;"Interior de Alicante"
03066;770302;"Interior de Alicante"
03067;770301;"Litoral norte de Alicante"
03068;770301;"Litoral norte de Alicante"
03069;770302;"Interior de Alicante"
03070;770302;"Interior de Alicante"
03071;770301;"Litoral norte de Alicante"
03072;770301;"Litoral norte de Alicante"
03073;770301;"Litoral norte de Alicante"
03074;770302;"Interior de Alicante"
03075;770301;"Litoral norte de Alicante"
03076;770302;"Interior de Alicante"
03077;770302;"Interior de Alicante"
03078;770302;"Interior de Alicante"
03079;770302;"Interior de Alicante"
03080;770302;"Interior de Alicante"
03081;770301;"Litoral norte de Alicante"
03082;770301;"Litoral norte de Alicante"
03083;770302;"Interior de Alicante"
03084;770301;"Litoral norte de Alicante"
03085;770301;"Litoral norte de Alicante"
03086;770301;"Litoral norte de Alicante"
03088;770302;"Interior de Alicante"
03089;770302;"Interior de Alicante"
03090;770302;"Interior de Alicante"
03091;770301;"Litoral norte de Alicante"
03092;770301;"Litoral norte de Alicante"
03093;770302;"Interior de Alicante"
03094;770302;"Interior de Alicante"
03095;770301;"Litoral norte de Alicante"
03096;770302;"Interior de Alicante"
03097;770301;"Litoral norte de Alicante"
03098;770302;"Interior de Alicante"
03099;770302;"Interior de Alicante"
03100;770301;"Litoral norte de Alicante"
03101;770301;"Litoral norte de Alicante"
03102;770301;"Litoral norte de Alicante"
03103;770302;"Interior de Alicante"
03104;770302;"Interior de Alicante"
03105;770302;"Interior de Alicante"
03106;770301;"Litoral norte de Alicante"
03107;770302;"Interior de Alicante"
03109;770302;"Interior de Alicante"
03110;770301;"Litoral norte de Alicante"
03111;770302;"Interior de Alicante"
03112;770302;"Interior de Alicante"
03113;770302;"Interior de Alicante"
03114;770302;"Interior de Alicante"
03115;770301;"Litoral norte de Alicante"
03116;770302;"Interior de Alicante"
03117;770301;"Litoral norte de Alicante"
03118;770302;"Interior de Alicante"
03119;770302;"Interior de Alicante"
03120;770302;"Interior de Alicante"
03121;770302;"Interior de Alicante"
03122;770302;"Interior de Alicante"
03123;770302;"Interior de Alicante"
03124;770301;"Litoral norte de Alicante"
03125;770301;"Litoral norte de Alicante"
03127;770301;"Litoral norte de Alicante"
03128;770301;"Litoral norte de Alicante"
03129;770302;"Interior de Alicante"
03130;770301;"Litoral norte de Alicante"
03131;770301;"Litoral norte de Alicante"
03132;770301;"Litoral norte de Alicante"
03133;770302;"Interior de Alicante"
03134;770301;"Litoral norte de Alicante"
03135;770301;"Litoral norte de Alicante"
03136;770301;"Litoral norte de Alicante"
03137;770303;"Litoral sur de Alicante"
03138;770303;"Litoral sur de Alicante"
03139;770302;"Interior de Alicante"
03140;770301;"Litoral norte de Alicante"
03901;770303;"Litoral sur de Alicante"
03902;770302;"Interior de Alicante"
03903;770302;"Interior de Alicante"
03904;770302;"Interior de Alicante"
04001;610402;"Nacimiento y Campo de Tabernas"
04002;610402;"Nacimiento y Campo de Tabernas"
04003;610403;"Poniente y Almería Capital"
04004;610401;"Valle de Almanzora y los Vélez"
04005;610403;"Poniente y Almería Capital"
04006;610401;"Valle de Almanzora y los Vélez"
04007;610403;"Poniente y Almería Capital"
04008;610401;"Valle de Almanzora y los Vélez"
04009;610401;"Valle de Almanzora y los Vélez"
04010;610403;"Poniente y Almería Capital"
04011;610403;"Poniente y Almería Capital"
04012;610403;"Poniente y Almería Capital"
04013;610403;"Poniente y Almería Capital"
04014;610403;"Poniente y Almería Capital"
04015;610403;"Poniente y Almería Capital"
04016;610401;"Valle de Almanzora y los Vélez"
04017;610401;"Valle de Almanzora y los Vélez"
04018;610401;"Valle de Almanzora y los Vélez"
04019;610402;"Nacimiento y Campo de Tabernas"
04020;610403;"Poniente y Almería Capital"
04021;610402;"Nacimiento y Campo de Tabernas"
04022;610402;"Nacimiento y Campo de Tabernas"
04023;610404;"Levante almeriense"
04024;610404;"Levante almeriense"
04026;610402;"Nacimiento y Campo de Tabernas"
04027;610402;"Nacimiento y Campo de Tabernas"
04028;610404;"Levante almeriense"
04029;610404;"Levante almeriense"
04030;610404;"Levante almeriense"
04031;610402;"Nacimiento y Campo de Tabernas"
04032;610404;"Levante almeriense"
04033;610402;"Nacimiento y Campo de Tabernas"
04034;610402;"Nacimiento y Campo de Tabernas"
04035;610404;"Levante almeriense"
04036;610402;"Nacimiento y Campo de Tabernas"
04037;610402;"Nacimiento y Campo de Tabernas"
04038;610404;"Levante almeriense"
04041;610404;"Levante almeriense"
04043;610404;"Levante almeriense"
04044;610402;"Nacimiento y Campo de Tabernas"
04045;610402;"Nacimiento y Campo de Tabernas"
04046;610404;"Levante almeriense"
04047;610404;"Levante almeriense"
04048;610404;"Levante almeriense"
04049;610404;"Levante almeriense"
04050;610402;"Nacimiento y Campo de Tabernas"
04051;610404;"Levante almeriense"
04052;610404;"Levante almeriense"
04053;610402;"Nacimiento y Campo de Tabernas"
04054;610404;"Levante almeriense"
04055;610404;"Levante almeriense"
04056;610402;"Nacimiento y Campo de Tabernas"
04057;610404;"Levante almeriense"
04058;610402;"Nacimiento y Campo de Tabernas"
04059;610402;"Nacimiento y Campo de Tabernas"
04060;610402;"Nacimiento y Campo de Tabernas"
04061;610402;"Nacimiento y Campo de Tabernas"
04062;610402;"Nacimiento y Campo de Tabernas"
04063;610402;"Nacimiento y Campo de Tabernas"
04064;610404;"Levante almeriense"
04065;610402;"Nacimiento y Campo de Tabernas"
04066;610404;"Levante almeriense"
04067;610404;"Levante almeriense"
04068;610402;"Nacimiento y Campo de Tabernas"
04069;610402;"Nacimiento y Campo de Tabernas"
04070;610402;"Nacimiento y Campo de Tabernas"
04071;610404;"Levante almeriense"
04072;610402;"Nacimiento y Campo de Tabernas"
04073;610404;"Levante almeriense"
04074;610404;"Levante almeriense"
04075;610404;"Levante almeriense"
04076;610402;"Nacimiento y Campo de Tabernas"
04077;610404;"Levante almeriense"
04078;610403;"Poniente y Almería Capital"
04079;610403;"Poniente y Almería Capital"
04080;610403;"Poniente y Almería Capital"
04081;610403;"Poniente y Almería Capital"
04082;610402;"Nacimiento y Campo de Tabernas"
04083;610402;"Nacimiento y Campo de Tabernas"
04084;610401;"Valle de Almanzora y los Vélez"
04085;610401;"Valle de Almanzora y los Vélez"
04086;610402;"Nacimiento y Campo de Tabernas"
04087;610401;"Valle de Almanzora y los Vélez"
04088;610402;"Nacimiento y Campo de Tabernas"
04089;610401;"Valle de Almanzora y los Vélez"
04090;610402;"Nacimiento y Campo de Tabernas"
04091;610403;"Poniente y Almería Capital"
04092;610401;"Valle de Almanzora y los Vélez"
04093;610404;"Levante almeriense"
04094;610402;"Nacimiento y Campo de Tabernas"
04095;610402;"Nacimiento y Campo de Tabernas"
04096;610401;"Valle de Almanzora y los Vélez"
04097;610402;"Nacimiento y Campo de Tabernas"
04098;610401;"Valle de Almanzora y los Vélez"
04099;610401;"Valle de Almanzora y los Vélez"
04100;610404;"Levante almeriense"
04101;610403;"Poniente y Almería Capital"
04102;610403;"Poniente y Almería Capital"
04103;610401;"Valle de Almanzora y los Vélez"
04901;610402;"Nacimiento y Campo de Tabernas"
04902;610403;"Poniente y Almería Capital"
04903;610403;"Poniente y Almería Capital"
04904;610403;"Poniente y Almería Capital"
05001;670501;"Meseta de Ávila"
05002;670503;"Sur de Ávila"
05005;670501;"Meseta de Ávila"
05007;670502;"Sistema Central de Ávila"
05008;670501;"Meseta de Ávila"
05010;670502;"Sistema Central de Ávila"
05012;670502;"Sistema Central de Ávila"
05013;670503;"Sur de Ávila"
05014;670503;"Sur de Ávila"
05015;670502;"Sistema Central de Ávila"
05016;670501;"Meseta de Ávila"
05017;670502;"Sistema Central de Ávila"
05018;670502;"Sistema Central de Ávila"
05019;670502;"Sistema Central de Ávila"
05021;670502;"Sistema Central de Ávila"
05022;670502;"Sistema Central de Ávila"
05023;670501;"Meseta de Ávila"
05024;670502;"Sistema Central de Ávila"
05025;670502;"Sistema Central de Ávila"
05026;670501;"Meseta de Ávila"
05027;670501;"Meseta de Ávila"
05029;670501;"Meseta de Ávila"
05030;670502;"Sistema Central de Ávila"
05033;670501;"Meseta de Ávila"
05034;670501;"Meseta de Ávila"
05035;670501;"Meseta de Ávila"
05036;670501;"Meseta de Ávila"
05037;670502;"Sistema Central de Ávila"
05038;670502;"Sistema Central de Ávila"
05039;670501;"Meseta de Ávila"
05040;670502;"Sistema Central de Ávila"
05041;670503;"Sur de Ávila"
05042;670501;"Meseta de Ávila"
05043;670501;"Meseta de Ávila"
05044;670501;"Meseta de Ávila"
05045;670501;"Meseta de Ávila"
05046;670501;"Meseta de Ávila"
05047;670503;"Sur de Ávila"
05048;670501;"Meseta de Ávila"
05049;670501;"Meseta de Ávila"
05051;670501;"Meseta de Ávila"
05052;670501;"Meseta de Ávila"
05053;670501;"Meseta de Ávila"
05054;670503;"Sur de Ávila"
05055;670501;"Meseta de Ávila"
05056;670501;"Meseta de Ávila"
05057;670503;"Sur de Ávila"
05058;670501;"Meseta de Ávila"
05059;670501;"Meseta de Ávila"
05060;670501;"Meseta de Ávila"
05061;670501;"Meseta de Ávila"
05062;670501;"Meseta de Ávila"
05063;670501;"Meseta de Ávila"
05064;670501;"Meseta de Ávila"
05065;670501;"Meseta de Ávila"
05066;670503;"Sur de Ávila"
05067;670501;"Meseta de Ávila"
05069;670501;"Meseta de Ávila"
05070;670501;"Meseta de Ávila"
05072;670501;"Meseta de Ávila"
05075;670503;"Sur de Ávila"
05076;670501;"Meseta de Ávila"
05077;670501;"Meseta de Ávila"
05078;670501;"Meseta de Ávila"
05079;670501;"Meseta de Ávila"
05080;670501;"Meseta de Ávila"
05081;670501;"Meseta de Ávila"
05082;670503;"Sur de Ávila"
05083;670501;"Meseta de Ávila"
05084;670502;"Sistema Central de Ávila"
05085;670502;"Sistema Central de Ávila"
05086;670501;"Meseta de Ávila"
05087;670502;"Sistema Central de Ávila"
05088;670502;"Sistema Central de Ávila"
05089;670503;"Sur de Ávila"
05090;670501;"Meseta de Ávila"
05092;670501;"Meseta de Ávila"
05093;670502;"Sistema Central de Ávila"
05094;670502;"Sistema Central de Ávila"
05095;670503;"Sur de Ávila"
05096;670502;"Sistema Central de Ávila"
05097;670502;"Sistema Central de Ávila"
05099;670501;"Meseta de Ávila"
05100;670503;"Sur de Ávila"
05101;670502;"Sistema Central de Ávila"
05102;670503;"Sur de Ávila"
05103;670502;"Sistema Central de Ávila"
05104;670502;"Sistema Central de Ávila"
05105;670502;"Sistema Central de Ávila"
05106;670502;"Sistema Central de Ávila"
05107;670502;"Sistema Central de Ávila"
05108;670502;"Sistema Central de Ávila"
05109;670501;"Meseta de Ávila"
05110;670503;"Sur de Ávila"
05112;670502;"Sistema Central de Ávila"
05113;670502;"Sistema Central de Ávila"
05114;670501;"Meseta de Ávila"
05115;670502;"Sistema Central de Ávila"
05116;670502;"Sistema Central de Ávila"
05117;670501;"Meseta de Ávila"
05118;670501;"Meseta de Ávila"
05119;670502;"Sistema Central de Ávila"
05120;670502;"Sistema Central de Ávila"
05121;670502;"Sistema Central de Ávila"
05122;670502;"Sistema Central de Ávila"
05123;670502;"Sistema Central de Ávila"
05124;670502;"Sistema Central de Ávila"
05125;670502;"Sistema Central de Ávila"
05126;670502;"Sistema Central de Ávila"
05127;670503;"Sur de Ávila"
05128;670502;"Sistema Central de Ávila"
05129;670502;"Sistema Central de Ávila"
05130;670502;"Sistema Central de Ávila"
05131;670502;"Sistema Central de Ávila"
05132;670503;"Sur de Ávila"
05133;670502;"Sistema Central de Ávila"
05134;670501;"Meseta de Ávila"
05135;670502;"Sistema Central de Ávila"
05136;670502;"Sistema Central de Ávila"
05138;670502;"Sistema Central de Ávila"
05139;670501;"Meseta de Ávila"
05140;670501;"Meseta de Ávila"
05141;670502;"Sistema Central de Ávila"
05142;670501;"Meseta de Ávila"
05143;670502;"Sistema Central de Ávila"
05144;670502;"Sistema Central de Ávila"
05145;670502;"Sistema Central de Ávila"
05147;670501;"Meseta de Ávila"
05148;670502;"Sistema Central de Ávila"
05149;670501;"Meseta de Ávila"
05151;670502;"Sistema Central de Ávila"
05152;670501;"Meseta de Ávila"
05153;670502;"Sistema Central de Ávila"
05154;670502;"Sistema Central de Ávila"
05155;670502;"Sistema Central de Ávila"
05156;670503;"Sur de Ávila"
05157;670502;"Sistema Central de Ávila"
05158;670502;"Sistema Central de Ávila"
05159;670502;"Sistema Central de Ávila"
05160;670502;"Sistema Central de Ávila"
05161;670502;"Sistema Central de Ávila"
05162;670502;"Sistema Central de Ávila"
05163;670503;"Sur de Ávila"
05164;670502;"Sistema Central de Ávila"
05165;670502;"Sistema Central de Ávila"
05166;670502;"Sistema Central de Ávila"
05167;670502;"Sistema Central de Ávila"
05168;670502;"Sistema Central de Ávila"
05169;670502;"Sistema Central de Ávila"
05170;670502;"Sistema Central de Ávila"
05171;670502;"Sistema Central de Ávila"
05172;670502;"Sistema Central de Ávila"
05173;670502;"Sistema Central de Ávila"
05174;670501;"Meseta de Ávila"
05175;670501;"Meseta de Ávila"
05176;670502;"Sistema Central de Ávila"
05177;670501;"Meseta de Ávila"
05178;670501;"Meseta de Ávila"
05179;670501;"Meseta de Ávila"
05180;670502;"Sistema Central de Ávila"
05181;670502;"Sistema Central de Ávila"
05182;670503;"Sur de Ávila"
05183;670501;"Meseta de Ávila"
05184;670502;"Sistema Central de Ávila"
05185;670502;"Sistema Central de Ávila"
05186;670502;"Sistema Central de Ávila"
05187;670503;"Sur de Ávila"
05188;670502;"Sistema Central de Ávila"
05189;670503;"Sur de Ávila"
05190;670501;"Meseta de Ávila"
05191;670502;"Sistema Central de Ávila"
05192;670502;"Sistema Central de Ávila"
05193;670501;"Meseta de Ávila"
05194;670501;"Meseta de Ávila"
05195;670502;"Sistema Central de Ávila"
05196;670501;"Meseta de Ávila"
05197;670502;"Sistema Central de Ávila"
05198;670501;"Meseta de Ávila"
05199;670502;"Sistema Central de Ávila"
05200;670502;"Sistema Central de Ávila"
05201;670502;"Sistema Central de Ávila"
05204;670501;"Meseta de Ávila"
05205;670502;"Sistema Central de Ávila"
05206;670502;"Sistema Central de Ávila"
05207;670503;"Sur de Ávila"
05208;670501;"Meseta de Ávila"
05209;670502;"Sistema Central de Ávila"
05210;670501;"Meseta de Ávila"
05211;670502;"Sistema Central de Ávila"
05212;670502;"Sistema Central de Ávila"
05213;670502;"Sistema Central de Ávila"
05214;670502;"Sistema Central de Ávila"
05215;670502;"Sistema Central de Ávila"
05216;670502;"Sistema Central de Ávila"
05217;670502;"Sistema Central de Ávila"
05218;670502;"Sistema Central de Ávila"
05219;670501;"Meseta de Ávila"
05220;670501;"Meseta de Ávila"
05221;670503;"Sur de Ávila"
05222;670502;"Sistema Central de Ávila"
05224;670502;"Sistema Central de Ávila"
05225;670502;"Sistema Central de Ávila"
05226;670503;"Sur de Ávila"
05227;670503;"Sur de Ávila"
05228;670503;"Sur de Ávila"
05229;670501;"Meseta de Ávila"
05230;670501;"Meseta de Ávila"
05231;670501;"Meseta de Ávila"
05232;670503;"Sur de Ávila"
05233;670503;"Sur de Ávila"
05234;670501;"Meseta de Ávila"
05235;670501;"Meseta de Ávila"
05236;670503;"Sur de Ávila"
05237;670503;"Sur de Ávila"
05238;670503;"Sur de Ávila"
05239;670503;"Sur de Ávila"
05240;670503;"Sur de Ávila"
05241;670503;"Sur de Ávila"
05242;670501;"Meseta de Ávila"
05243;670503;"Sur de Ávila"
05244;670503;"Sur de Ávila"
05245;670503;"Sur de Ávila"
05246;670503;"Sur de Ávila"
05247;670503;"Sur de Ávila"
05249;670503;"Sur de Ávila"
05251;670503;"Sur de Ávila"
05252;670503;"Sur de Ávila"
05253;670501;"Meseta de Ávila"
05254;670501;"Meseta de Ávila"
05256;670503;"Sur de Ávila"
05257;670503;"Sur de Ávila"
05258;670501;"Meseta de Ávila"
05259;670501;"Meseta de Ávila"
05260;670503;"Sur de Ávila"
05261;670503;"Sur de Ávila"
05262;670503;"Sur de Ávila"
05263;670503;"Sur de Ávila"
05264;670501;"Meseta de Ávila"
05265;670503;"Sur de Ávila"
05266;670503;"Sur de Ávila"
05267;670503;"Sur de Ávila"
05901;670503;"Sur de Ávila"
05902;670503;"Sur de Ávila"
05903;670503;"Sur de Ávila"
05904;670502;"Sistema Central de Ávila"
05905;670502;"Sistema Central de Ávila"
06001;700601;"Vegas Del Guadiana"
06002;700603;"Barros y Serena"
06003;700604;"Sur de Badajoz"
06004;700603;"Barros y Serena"
06005;700601;"Vegas Del Guadiana"
06006;700601;"Vegas Del Guadiana"
06007;700601;"Vegas Del Guadiana"
06008;700604;"Sur de Badajoz"
06009;700601;"Vegas Del Guadiana"
06010;700603;"Barros y Serena"
06011;700603;"Barros y Serena"
06012;700601;"Vegas Del Guadiana"
06013;700604;"Sur de Badajoz"
06014;700604;"Sur de Badajoz"
06015;700601;"Vegas Del Guadiana"
06016;700603;"Barros y Serena"
06017;700602;"La Siberia extremeña"
06018;700603;"Barros y Serena"
06019;700604;"Sur de Badajoz"
06020;700604;"Sur de Badajoz"
06021;700604;"Sur de Badajoz"
06022;700604;"Sur de Badajoz"
06023;700603;"Barros y Serena"
06024;700604;"Sur de Badajoz"
06025;700601;"Vegas Del Guadiana"
06026;700604;"Sur de Badajoz"
06027;700604;"Sur de Badajoz"
06028;700602;"La Siberia extremeña"
06029;700602;"La Siberia extremeña"
06030;700602;"La Siberia extremeña"
06031;700601;"Vegas Del Guadiana"
06032;700601;"Vegas Del Guadiana"
06033;700602;"La Siberia extremeña"
06034;700604;"Sur de Badajoz"
06035;700602;"La Siberia extremeña"
06036;700602;"La Siberia extremeña"
06037;700601;"Vegas Del Guadiana"
06038;700601;"Vegas Del Guadiana"
06039;700601;"Vegas Del Guadiana"
06040;700602;"La Siberia extremeña"
06041;700601;"Vegas Del Guadiana"
06042;700601;"Vegas Del Guadiana"
06043;700601;"Vegas Del Guadiana"
06044;700601;"Vegas Del Guadiana"
06045;700602;"La Siberia extremeña"
06046;700601;"Vegas Del Guadiana"
06047;700602;"La Siberia extremeña"
06048;700602;"La Siberia extremeña"
06049;700602;"La Siberia extremeña"
06050;700604;"Sur de Badajoz"
06051;700602;"La Siberia extremeña"
06052;700604;"Sur de Badajoz"
06053;700604;"Sur de Badajoz"
06054;700602;"La Siberia extremeña"
06055;700604;"Sur de Badajoz"
06056;700602;"La Siberia extremeña"
06057;700602;"La Siberia extremeña"
06058;700601;"Vegas Del Guadiana"
06059;700604;"Sur de Badajoz"
06060;700601;"Vegas Del Guadiana"
06061;700601;"Vegas Del Guadiana"
06062;700602;"La Siberia extremeña"
06063;700602;"La Siberia extremeña"
06064;700602;"La Siberia extremeña"
06065;700604;"Sur de Badajoz"
06066;700604;"Sur de Badajoz"
06067;700604;"Sur de Badajoz"
06068;700604;"Sur de Badajoz"
06069;700602;"La Siberia extremeña"
06070;700604;"Sur de Badajoz"
06071;700602;"La Siberia extremeña"
06072;700601;"Vegas Del Guadiana"
06073;700604;"Sur de Badajoz"
06074;700603;"Barros y Serena"
06075;700601;"Vegas Del Guadiana"
06076;700603;"Barros y Serena"
06077;700603;"Barros y Serena"
06078;700602;"La Siberia extremeña"
06079;700601;"Vegas Del Guadiana"
06080;700601;"Vegas Del Guadiana"
06081;700603;"Barros y Serena"
06082;700601;"Vegas Del Guadiana"
06083;700601;"Vegas Del Guadiana"
06085;700603;"Barros y Serena"
06086;700603;"Barros y Serena"
06087;700602;"La Siberia extremeña"
06089;700602;"La Siberia extremeña"
06090;700601;"Vegas Del Guadiana"
06091;700602;"La Siberia extremeña"
06092;700602;"La Siberia extremeña"
06093;700603;"Barros y Serena"
06094;700602;"La Siberia extremeña"
06095;700601;"Vegas Del Guadiana"
06096;700601;"Vegas Del Guadiana"
06097;700601;"Vegas Del Guadiana"
06098;700602;"La Siberia extremeña"
06099;700602;"La Siberia extremeña"
06100;700602;"La Siberia extremeña"
06101;700602;"La Siberia extremeña"
06102;700602;"La Siberia extremeña"
06103;700601;"Vegas Del Guadiana"
06104;700602;"La Siberia extremeña"
06105;700604;"Sur de Badajoz"
06106;700602;"La Siberia extremeña"
06107;700601;"Vegas Del Guadiana"
06108;700603;"Barros y Serena"
06109;700603;"Barros y Serena"
06110;700604;"Sur de Badajoz"
06111;700601;"Vegas Del Guadiana"
06112;700603;"Barros y Serena"
06113;700603;"Barros y Serena"
06114;700602;"La Siberia extremeña"
06115;700601;"Vegas Del Guadiana"
06116;700603;"Barros y Serena"
06117;700603;"Barros y Serena"
06118;700602;"La Siberia extremeña"
06119;700601;"Vegas Del Guadiana"
06120;700601;"Vegas Del Guadiana"
06121;700603;"Barros y Serena"
06122;700603;"Barros y Serena"
06123;700601;"Vegas Del Guadiana"
06124;700604;"Sur de Badajoz"
06125;700602;"La Siberia extremeña"
06126;700603;"Barros y Serena"
06127;700602;"La Siberia extremeña"
06128;700601;"Vegas Del Guadiana"
06129;700601;"Vegas Del Guadiana"
06130;700602;"La Siberia extremeña"
06131;700603;"Barros y Serena"
06132;700601;"Vegas Del Guadiana"
06133;700601;"Vegas Del Guadiana"
06134;700604;"Sur de Badajoz"
06135;700601;"Vegas Del Guadiana"
06136;700604;"Sur de Badajoz"
06137;700602;"La Siberia extremeña"
06138;700601;"Vegas Del Guadiana"
06139;700604;"Sur de Badajoz"
06140;700604;"Sur de Badajoz"
06141;700604;"Sur de Badajoz"
06142;700604;"Sur de Badajoz"
06143;700601;"Vegas Del Guadiana"
06144;700604;"Sur de Badajoz"
06145;700601;"Vegas Del Guadiana"
06146;700603;"Barros y Serena"
06147;700604;"Sur de Badajoz"
06148;700604;"Sur de Badajoz"
06149;700603;"Barros y Serena"
06150;700604;"Sur de Badajoz"
06151;700601;"Vegas Del Guadiana"
06152;700603;"Barros y Serena"
06153;700601;"Vegas Del Guadiana"
06154;700604;"Sur de Badajoz"
06155;700601;"Vegas Del Guadiana"
06156;700601;"Vegas Del Guadiana"
06157;700602;"La Siberia extremeña"
06158;700603;"Barros y Serena"
06159;700604;"Sur de Badajoz"
06160;700603;"Barros y Serena"
06161;700603;"Barros y Serena"
06162;700601;"Vegas Del Guadiana"
06901;700601;"Vegas Del Guadiana"
06902;700601;"Vegas Del Guadiana"
06903;700601;"Vegas Del Guadiana"
07006;645301;"Ibiza y Formentera"
07008;645401;"Sierra Tramontana"
07009;645301;"Ibiza y Formentera"
07016;645401;"Sierra Tramontana"
07017;645401;"Sierra Tramontana"
07060;645501;Menorca
07065;645501;Menorca
07901;645501;Menorca
08001;690803;"Prelitoral de Barcelona"
08002;690802;"Depresión central de Barcelona"
08003;690804;"Litoral de Barcelona"
08004;690801;"Prepirineo de Barcelona"
08005;690803;"Prelitoral de Barcelona"
08006;690804;"Litoral de Barcelona"
08007;690804;"Litoral de Barcelona"
08008;690803;"Prelitoral de Barcelona"
08009;690804;"Litoral de Barcelona"
08010;690802;"Depresión central de Barcelona"
08011;690802;"Depresión central de Barcelona"
08012;690802;"Depresión central de Barcelona"
08013;690803;"Prelitoral de Barcelona"
08014;690802;"Depresión central de Barcelona"
08015;690804;"Litoral de Barcelona"
08016;690802;"Depresión central de Barcelona"
08017;690802;"Depresión central de Barcelona"
08018;690802;"Depresión central de Barcelona"
08019;690804;"Litoral de Barcelona"
08020;690804;"Litoral de Barcelona"
08021;690803;"Prelitoral de Barcelona"
08022;690802;"Depresión central de Barcelona"
08023;690803;"Prelitoral de Barcelona"
08024;690802;"Depresión central de Barcelona"
08025;690803;"Prelitoral de Barcelona"
08026;690802;"Depresión central de Barcelona"
08027;690803;"Prelitoral de Barcelona"
08028;690803;"Prelitoral de Barcelona"
08029;690804;"Litoral de Barcelona"
08030;690804;"Litoral de Barcelona"
08031;690802;"Depresión central de Barcelona"
08032;690804;"Litoral de Barcelona"
08033;690803;"Prelitoral de Barcelona"
08034;690802;"Depresión central de Barcelona"
08035;690804;"Litoral de Barcelona"
08036;690802;"Depresión central de Barcelona"
08037;690802;"Depresión central de Barcelona"
08038;690802;"Depresión central de Barcelona"
08039;690803;"Prelitoral de Barcelona"
08040;690804;"Litoral de Barcelona"
08041;690803;"Prelitoral de Barcelona"
08042;690803;"Prelitoral de Barcelona"
08043;690804;"Litoral de Barcelona"
08044;690803;"Prelitoral de Barcelona"
08045;690802;"Depresión central de Barcelona"
08046;690803;"Prelitoral de Barcelona"
08047;690802;"Depresión central de Barcelona"
08048;690803;"Prelitoral de Barcelona"
08049;690802;"Depresión central de Barcelona"
08050;690802;"Depresión central de Barcelona"
08051;690803;"Prelitoral de Barcelona"
08052;690802;"Depresión central de Barcelona"
08053;690802;"Depresión central de Barcelona"
08054;690803;"Prelitoral de Barcelona"
08055;690802;"Depresión central de Barcelona"
08056;690804;"Litoral de Barcelona"
08057;690802;"Depresión central de Barcelona"
08058;690804;"Litoral de Barcelona"
08059;690802;"Depresión central de Barcelona"
08060;690802;"Depresión central de Barcelona"
08061;690802;"Depresión central de Barcelona"
08062;690802;"Depresión central de Barcelona"
08063;690803;"Prelitoral de Barcelona"
08064;690802;"Depresión central de Barcelona"
08065;690803;"Prelitoral de Barcelona"
08066;690803;"Prelitoral de Barcelona"
08067;690802;"Depresión central de Barcelona"
08068;690804;"Litoral de Barcelona"
08069;690803;"Prelitoral de Barcelona"
08070;690802;"Depresión central de Barcelona"
08071;690803;"Prelitoral de Barcelona"
08072;690804;"Litoral de Barcelona"
08073;690804;"Litoral de Barcelona"
08074;690804;"Litoral de Barcelona"
08075;690804;"Litoral de Barcelona"
08076;690803;"Prelitoral de Barcelona"
08077;690804;"Litoral de Barcelona"
08078;690802;"Depresión central de Barcelona"
08079;690802;"Depresión central de Barcelona"
08080;690802;"Depresión central de Barcelona"
08081;690803;"Prelitoral de Barcelona"
08082;690803;"Prelitoral de Barcelona"
08083;690802;"Depresión central de Barcelona"
08084;690802;"Depresión central de Barcelona"
08085;690803;"Prelitoral de Barcelona"
08086;690802;"Depresión central de Barcelona"
08087;690802;"Depresión central de Barcelona"
08088;690802;"Depresión central de Barcelona"
08089;690804;"Litoral de Barcelona"
08090;690802;"Depresión central de Barcelona"
08091;690802;"Depresión central de Barcelona"
08092;690802;"Depresión central de Barcelona"
08093;690802;"Depresión central de Barcelona"
08094;690803;"Prelitoral de Barcelona"
08095;690802;"Depresión central de Barcelona"
08096;690803;"Prelitoral de Barcelona"
08097;690803;"Prelitoral de Barcelona"
08098;690802;"Depresión central de Barcelona"
08099;690802;"Depresión central de Barcelona"
08100;690802;"Depresión central de Barcelona"
08101;690804;"Litoral de Barcelona"
08102;690803;"Prelitoral de Barcelona"
08103;690803;"Prelitoral de Barcelona"
08104;690803;"Prelitoral de Barcelona"
08105;690803;"Prelitoral de Barcelona"
08106;690803;"Prelitoral de Barcelona"
08107;690803;"Prelitoral de Barcelona"
08108;690803;"Prelitoral de Barcelona"
08109;690802;"Depresión central de Barcelona"
08110;690804;"Litoral de Barcelona"
08111;690802;"Depresión central de Barcelona"
08112;690802;"Depresión central de Barcelona"
08113;690802;"Depresión central de Barcelona"
08114;690803;"Prelitoral de Barcelona"
08115;690803;"Prelitoral de Barcelona"
08116;690802;"Depresión central de Barcelona"
08117;690802;"Depresión central de Barcelona"
08118;690804;"Litoral de Barcelona"
08119;690803;"Prelitoral de Barcelona"
08120;690803;"Prelitoral de Barcelona"
08121;690804;"Litoral de Barcelona"
08122;690803;"Prelitoral de Barcelona"
08123;690804;"Litoral de Barcelona"
08124;690803;"Prelitoral de Barcelona"
08125;690803;"Prelitoral de Barcelona"
08126;690804;"Litoral de Barcelona"
08127;690802;"Depresión central de Barcelona"
08128;690802;"Depresión central de Barcelona"
08129;690802;"Depresión central de Barcelona"
08130;690802;"Depresión central de Barcelona"
08131;690802;"Depresión central de Barcelona"
08132;690802;"Depresión central de Barcelona"
08133;690803;"Prelitoral de Barcelona"
08134;690803;"Prelitoral de Barcelona"
08135;690803;"Prelitoral de Barcelona"
08136;690803;"Prelitoral de Barcelona"
08137;690803;"Prelitoral de Barcelona"
08138;690802;"Depresión central de Barcelona"
08139;690802;"Depresión central de Barcelona"
08140;690802;"Depresión central de Barcelona"
08141;690802;"Depresión central de Barcelona"
08142;690802;"Depresión central de Barcelona"
08143;690803;"Prelitoral de Barcelona"
08144;690802;"Depresión central de Barcelona"
08145;690804;"Litoral de Barcelona"
08146;690803;"Prelitoral de Barcelona"
08147;690803;"Prelitoral de Barcelona"
08148;690804;"Litoral de Barcelona"
08149;690802;"Depresión central de Barcelona"
08150;690802;"Depresión central de Barcelona"
08151;690802;"Depresión central de Barcelona"
08152;690803;"Prelitoral de Barcelona"
08153;690804;"Litoral de Barcelona"
08154;690803;"Prelitoral de Barcelona"
08155;690804;"Litoral de Barcelona"
08156;690803;"Prelitoral de Barcelona"
08157;690804;"Litoral de Barcelona"
08158;690804;"Litoral de Barcelona"
08159;690803;"Prelitoral de Barcelona"
08160;690802;"Depresión central de Barcelona"
08161;690803;"Prelitoral de Barcelona"
08162;690803;"Prelitoral de Barcelona"
08163;690804;"Litoral de Barcelona"
08164;690803;"Prelitoral de Barcelona"
08165;690803;"Prelitoral de Barcelona"
08166;690802;"Depresión central de Barcelona"
08167;690803;"Prelitoral de Barcelona"
08168;690803;"Prelitoral de Barcelona"
08169;690804;"Litoral de Barcelona"
08170;690802;"Depresión central de Barcelona"
08171;690802;"Depresión central de Barcelona"
08172;690804;"Litoral de Barcelona"
08174;690803;"Prelitoral de Barcelona"
08175;690802;"Depresión central de Barcelona"
08176;690802;"Depresión central de Barcelona"
08177;690802;"Depresión central de Barcelona"
08178;690802;"Depresión central de Barcelona"
08179;690802;"Depresión central de Barcelona"
08180;690803;"Prelitoral de Barcelona"
08181;690803;"Prelitoral de Barcelona"
08182;690802;"Depresión central de Barcelona"
08183;690802;"Depresión central de Barcelona"
08184;690803;"Prelitoral de Barcelona"
08185;690803;"Prelitoral de Barcelona"
08187;690803;"Prelitoral de Barcelona"
08188;690802;"Depresión central de Barcelona"
08189;690802;"Depresión central de Barcelona"
08190;690802;"Depresión central de Barcelona"
08191;690802;"Depresión central de Barcelona"
08192;690802;"Depresión central de Barcelona"
08193;690804;"Litoral de Barcelona"
08194;690804;"Litoral de Barcelona"
08195;690802;"Depresión central de Barcelona"
08196;690803;"Prelitoral de Barcelona"
08197;690804;"Litoral de Barcelona"
08198;690803;"Prelitoral de Barcelona"
08199;690802;"Depresión central de Barcelona"
08200;690804;"Litoral de Barcelona"
08201;690802;"Depresión central de Barcelona"
08202;690803;"Prelitoral de Barcelona"
08203;690804;"Litoral de Barcelona"
08204;690804;"Litoral de Barcelona"
08205;690803;"Prelitoral de Barcelona"
08206;690803;"Prelitoral de Barcelona"
08207;690803;"Prelitoral de Barcelona"
08208;690803;"Prelitoral de Barcelona"
08209;690803;"Prelitoral de Barcelona"
08210;690803;"Prelitoral de Barcelona"
08211;690804;"Litoral de Barcelona"
08212;690802;"Depresión central de Barcelona"
08213;690802;"Depresión central de Barcelona"
08214;690804;"Litoral de Barcelona"
08215;690802;"Depresión central de Barcelona"
08216;690802;"Depresión central de Barcelona"
08217;690804;"Litoral de Barcelona"
08218;690802;"Depresión central de Barcelona"
08219;690804;"Litoral de Barcelona"
08220;690802;"Depresión central de Barcelona"
08221;690804;"Litoral de Barcelona"
08222;690803;"Prelitoral de Barcelona"
08223;690803;"Prelitoral de Barcelona"
08224;690803;"Prelitoral de Barcelona"
08225;690802;"Depresión central de Barcelona"
08226;690803;"Prelitoral de Barcelona"
08227;690803;"Prelitoral de Barcelona"
08228;690802;"Depresión central de Barcelona"
08229;690802;"Depresión central de Barcelona"
08230;690804;"Litoral de Barcelona"
08231;690804;"Litoral de Barcelona"
08232;690803;"Prelitoral de Barcelona"
08233;690802;"Depresión central de Barcelona"
08234;690803;"Prelitoral de Barcelona"
08235;690804;"Litoral de Barcelona"
08236;690803;"Prelitoral de Barcelona"
08237;690802;"Depresión central de Barcelona"
08238;690803;"Prelitoral de Barcelona"
08239;690803;"Prelitoral de Barcelona"
08240;690803;"Prelitoral de Barcelona"
08241;690802;"Depresión central de Barcelona"
08242;690802;"Depresión central de Barcelona"
08243;690802;"Depresión central de Barcelona"
08244;690804;"Litoral de Barcelona"
08245;690804;"Litoral de Barcelona"
08246;690802;"Depresión central de Barcelona"
08247;690802;"Depresión central de Barcelona"
08248;690803;"Prelitoral de Barcelona"
08249;690803;"Prelitoral de Barcelona"
08250;690803;"Prelitoral de Barcelona"
08251;690803;"Prelitoral de Barcelona"
08252;690803;"Prelitoral de Barcelona"
08253;690802;"Depresión central de Barcelona"
08254;690802;"Depresión central de Barcelona"
08255;690802;"Depresión central de Barcelona"
08256;690803;"Prelitoral de Barcelona"
08257;690803;"Prelitoral de Barcelona"
08258;690802;"Depresión central de Barcelona"
08259;690803;"Prelitoral de Barcelona"
08260;690803;"Prelitoral de Barcelona"
08261;690804;"Litoral de Barcelona"
08262;690802;"Depresión central de Barcelona"
08263;690804;"Litoral de Barcelona"
08264;690804;"Litoral de Barcelona"
08265;690802;"Depresión central de Barcelona"
08266;690803;"Prelitoral de Barcelona"
08267;690803;"Prelitoral de Barcelona"
08268;690802;"Depresión central de Barcelona"
08269;690802;"Depresión central de Barcelona"
08270;690804;"Litoral de Barcelona"
08271;690802;"Depresión central de Barcelona"
08272;690802;"Depresión central de Barcelona"
08273;690803;"Prelitoral de Barcelona"
08274;690802;"Depresión central de Barcelona"
08275;690802;"Depresión central de Barcelona"
08276;690803;"Prelitoral de Barcelona"
08277;690802;"Depresión central de Barcelona"
08278;690802;"Depresión central de Barcelona"
08279;690803;"Prelitoral de Barcelona"
08280;690802;"Depresión central de Barcelona"
08281;690804;"Litoral de Barcelona"
08282;690804;"Litoral de Barcelona"
08283;690802;"Depresión central de Barcelona"
08284;690804;"Litoral de Barcelona"
08285;690802;"Depresión central de Barcelona"
08286;690803;"Prelitoral de Barcelona"
08287;690803;"Prelitoral de Barcelona"
08288;690803;"Prelitoral de Barcelona"
08289;690804;"Litoral de Barcelona"
08290;690803;"Prelitoral de Barcelona"
08291;690803;"Prelitoral de Barcelona"
08292;690803;"Prelitoral de Barcelona"
08293;690802;"Depresión central de Barcelona"
08294;690803;"Prelitoral de Barcelona"
08295;690804;"Litoral de Barcelona"
08296;690804;"Litoral de Barcelona"
08297;690803;"Prelitoral de Barcelona"
08298;690802;"Depresión central de Barcelona"
08300;690803;"Prelitoral de Barcelona"
08301;690804;"Litoral de Barcelona"
08302;690803;"Prelitoral de Barcelona"
08304;690803;"Prelitoral de Barcelona"
08305;690803;"Prelitoral de Barcelona"
08306;690803;"Prelitoral de Barcelona"
08307;690804;"Litoral de Barcelona"
08308;690802;"Depresión central de Barcelona"
08901;690801;"Prepirineo de Barcelona"
08902;690803;"Prelitoral de Barcelona"
08903;690801;"Prepirineo de Barcelona"
08904;690803;"Prelitoral de Barcelona"
08905;690804;"Litoral de Barcelona"
09001;670902;"Norte de Burgos"
09003;670904;"Meseta de Burgos"
09006;670902;"Norte de Burgos"
09007;670902;"Norte de Burgos"
09009;670904;"Meseta de Burgos"
09010;670902;"Norte de Burgos"
09011;670901;"Cordillera Cantábrica de Burgos"
09012;670901;"Cordillera Cantábrica de Burgos"
09014;670901;"Cordillera Cantábrica de Burgos"
09017;670904;"Meseta de Burgos"
09018;670904;"Meseta de Burgos"
09019;670904;"Meseta de Burgos"
09020;670904;"Meseta de Burgos"
09021;670904;"Meseta de Burgos"
09022;670904;"Meseta de Burgos"
09023;670904;"Meseta de Burgos"
09024;670904;"Meseta de Burgos"
09025;670901;"Cordillera Cantábrica de Burgos"
09026;670905;"Ibérica de Burgos"
09027;670905;"Ibérica de Burgos"
09029;670904;"Meseta de Burgos"
09030;670904;"Meseta de Burgos"
09032;670904;"Meseta de Burgos"
09033;670904;"Meseta de Burgos"
09034;670904;"Meseta de Burgos"
09035;670904;"Meseta de Burgos"
09036;670901;"Cordillera Cantábrica de Burgos"
09037;670905;"Ibérica de Burgos"
09038;670905;"Ibérica de Burgos"
09039;670905;"Ibérica de Burgos"
09041;670904;"Meseta de Burgos"
09043;670901;"Cordillera Cantábrica de Burgos"
09044;670905;"Ibérica de Burgos"
09045;670901;"Cordillera Cantábrica de Burgos"
09046;670901;"Cordillera Cantábrica de Burgos"
09047;670904;"Meseta de Burgos"
09048;670901;"Cordillera Cantábrica de Burgos"
09050;670901;"Cordillera Cantábrica de Burgos"
09051;670904;"Meseta de Burgos"
09052;670901;"Cordillera Cantábrica de Burgos"
09054;670901;"Cordillera Cantábrica de Burgos"
09055;670904;"Meseta de Burgos"
09056;670901;"Cordillera Cantábrica de Burgos"
09057;670901;"Cordillera Cantábrica de Burgos"
09058;670904;"Meseta de Burgos"
09059;670904;"Meseta de Burgos"
09060;670901;"Cordillera Cantábrica de Burgos"
09061;670904;"Meseta de Burgos"
09062;670905;"Ibérica de Burgos"
09063;670904;"Meseta de Burgos"
09064;670904;"Meseta de Burgos"
09065;670904;"Meseta de Burgos"
09066;670905;"Ibérica de Burgos"
09067;670905;"Ibérica de Burgos"
09068;670901;"Cordillera Cantábrica de Burgos"
09070;670905;"Ibérica de Burgos"
09071;670901;"Cordillera Cantábrica de Burgos"
09072;670904;"Meseta de Burgos"
09073;670904;"Meseta de Burgos"
09074;670904;"Meseta de Burgos"
09075;670904;"Meseta de Burgos"
09076;670901;"Cordillera Cantábrica de Burgos"
09077;670901;"Cordillera Cantábrica de Burgos"
09078;670905;"Ibérica de Burgos"
09079;670904;"Meseta de Burgos"
09082;670901;"Cordillera Cantábrica de Burgos"
09083;670901;"Cordillera Cantábrica de Burgos"
09084;670905;"Ibérica de Burgos"
09085;670904;"Meseta de Burgos"
09086;670904;"Meseta de Burgos"
09088;670904;"Meseta de Burgos"
09090;670904;"Meseta de Burgos"
09091;670904;"Meseta de Burgos"
09093;670904;"Meseta de Burgos"
09094;670904;"Meseta de Burgos"
09095;670904;"Meseta de Burgos"
09098;670901;"Cordillera Cantábrica de Burgos"
09100;670905;"Ibérica de Burgos"
09101;670904;"Meseta de Burgos"
09102;670901;"Cordillera Cantábrica de Burgos"
09103;670904;"Meseta de Burgos"
09104;670904;"Meseta de Burgos"
09105;670904;"Meseta de Burgos"
09108;670904;"Meseta de Burgos"
09109;670903;"Condado de Treviño"
09110;670905;"Ibérica de Burgos"
09112;670904;"Meseta de Burgos"
09113;670904;"Meseta de Burgos"
09114;670905;"Ibérica de Burgos"
09115;670901;"Cordillera Cantábrica de Burgos"
09117;670904;"Meseta de Burgos"
09119;670905;"Ibérica de Burgos"
09120;670901;"Cordillera Cantábrica de Burgos"
09122;670904;"Meseta de Burgos"
09123;670901;"Cordillera Cantábrica de Burgos"
09124;670901;"Cordillera Cantábrica de Burgos"
09125;670904;"Meseta de Burgos"
09127;670904;"Meseta de Burgos"
09128;670904;"Meseta de Burgos"
09129;670905;"Ibérica de Burgos"
09130;670905;"Ibérica de Burgos"
09131;670904;"Meseta de Burgos"
09132;670901;"Cordillera Cantábrica de Burgos"
09133;670904;"Meseta de Burgos"
09134;670901;"Cordillera Cantábrica de Burgos"
09135;670901;"Cordillera Cantábrica de Burgos"
09136;670904;"Meseta de Burgos"
09137;670904;"Meseta de Burgos"
09138;670904;"Meseta de Burgos"
09139;670904;"Meseta de Burgos"
09140;670904;"Meseta de Burgos"
09141;670904;"Meseta de Burgos"
09143;670904;"Meseta de Burgos"
09144;670905;"Ibérica de Burgos"
09148;670904;"Meseta de Burgos"
09149;670902;"Norte de Burgos"
09151;670904;"Meseta de Burgos"
09152;670904;"Meseta de Burgos"
09154;670905;"Ibérica de Burgos"
09155;670904;"Meseta de Burgos"
09159;670904;"Meseta de Burgos"
09160;670904;"Meseta de Burgos"
09162;670904;"Meseta de Burgos"
09163;670905;"Ibérica de Burgos"
09164;670904;"Meseta de Burgos"
09166;670904;"Meseta de Burgos"
09167;670904;"Meseta de Burgos"
09168;670904;"Meseta de Burgos"
09169;670905;"Ibérica de Burgos"
09170;670904;"Meseta de Burgos"
09172;670904;"Meseta de Burgos"
09173;670905;"Ibérica de Burgos"
09174;670904;"Meseta de Burgos"
09175;670901;"Cordillera Cantábrica de Burgos"
09176;670904;"Meseta de Burgos"
09177;670904;"Meseta de Burgos"
09178;670902;"Norte de Burgos"
09179;670904;"Meseta de Burgos"
09180;670904;"Meseta de Burgos"
09181;670904;"Meseta de Burgos"
09182;670904;"Meseta de Burgos"
09183;670905;"Ibérica de Burgos"
09184;670905;"Ibérica de Burgos"
09189;670902;"Norte de Burgos"
09190;670902;"Norte de Burgos"
09191;670905;"Ibérica de Burgos"
09192;670902;"Norte de Burgos"
09194;670904;"Meseta de Burgos"
09195;670902;"Norte de Burgos"
09196;670904;"Meseta de Burgos"
09197;670904;"Meseta de Burgos"
09198;670904;"Meseta de Burgos"
09199;670904;"Meseta de Burgos"
09200;670905;"Ibérica de Burgos"
09201;670905;"Ibérica de Burgos"
09202;670904;"Meseta de Burgos"
09206;670904;"Meseta de Burgos"
09208;670904;"Meseta de Burgos"
09209;670902;"Norte de Burgos"
09211;670904;"Meseta de Burgos"
09213;670902;"Norte de Burgos"
09214;670902;"Norte de Burgos"
09215;670901;"Cordillera Cantábrica de Burgos"
09216;670901;"Cordillera Cantábrica de Burgos"
09217;670902;"Norte de Burgos"
09218;670904;"Meseta de Burgos"
09219;670902;"Norte de Burgos"
09220;670902;"Norte de Burgos"
09221;670904;"Meseta de Burgos"
09223;670905;"Ibérica de Burgos"
09224;670904;"Meseta de Burgos"
09225;670905;"Ibérica de Burgos"
09226;670905;"Ibérica de Burgos"
09227;670901;"Cordillera Cantábrica de Burgos"
09228;670904;"Meseta de Burgos"
09229;670904;"Meseta de Burgos"
09230;670902;"Norte de Burgos"
09231;670904;"Meseta de Burgos"
09232;670905;"Ibérica de Burgos"
09235;670904;"Meseta de Burgos"
09236;670904;"Meseta de Burgos"
09238;670902;"Norte de Burgos"
09239;670904;"Meseta de Burgos"
09241;670904;"Meseta de Burgos"
09242;670904;"Meseta de Burgos"
09243;670904;"Meseta de Burgos"
09244;670901;"Cordillera Cantábrica de Burgos"
09246;670905;"Ibérica de Burgos"
09247;670904;"Meseta de Burgos"
09248;670905;"Ibérica de Burgos"
09249;670904;"Meseta de Burgos"
09250;670904;"Meseta de Burgos"
09251;670902;"Norte de Burgos"
09253;670904;"Meseta de Burgos"
09255;670902;"Norte de Burgos"
09256;670904;"Meseta de Burgos"
09257;670904;"Meseta de Burgos"
09258;670904;"Meseta de Burgos"
09259;670904;"Meseta de Burgos"
09261;670904;"Meseta de Burgos"
09262;670904;"Meseta de Burgos"
09265;670902;"Norte de Burgos"
09266;670905;"Ibérica de Burgos"
09267;670904;"Meseta de Burgos"
09268;670905;"Ibérica de Burgos"
09269;670905;"Ibérica de Burgos"
09270;670904;"Meseta de Burgos"
09272;670903;"Condado de Treviño"
09273;670903;"Condado de Treviño"
09274;670905;"Ibérica de Burgos"
09275;670904;"Meseta de Burgos"
09276;670903;"Condado de Treviño"
09277;670904;"Meseta de Burgos"
09279;670904;"Meseta de Burgos"
09280;670903;"Condado de Treviño"
09281;670904;"Meseta de Burgos"
09283;670903;"Condado de Treviño"
09287;670904;"Meseta de Burgos"
09288;670904;"Meseta de Burgos"
09289;670905;"Ibérica de Burgos"
09292;670903;"Condado de Treviño"
09294;670904;"Meseta de Burgos"
09295;670904;"Meseta de Burgos"
09297;670904;"Meseta de Burgos"
09298;670904;"Meseta de Burgos"
09301;670904;"Meseta de Burgos"
09302;670905;"Ibérica de Burgos"
09303;670905;"Ibérica de Burgos"
09304;670904;"Meseta de Burgos"
09306;670901;"Cordillera Cantábrica de Burgos"
09307;670904;"Meseta de Burgos"
09308;670904;"Meseta de Burgos"
09309;670905;"Ibérica de Burgos"
09310;670904;"Meseta de Burgos"
09311;670904;"Meseta de Burgos"
09312;670905;"Ibérica de Burgos"
09314;670904;"Meseta de Burgos"
09315;670904;"Meseta de Burgos"
09316;670904;"Meseta de Burgos"
09317;670904;"Meseta de Burgos"
09318;670905;"Ibérica de Burgos"
09321;670904;"Meseta de Burgos"
09323;670904;"Meseta de Burgos"
09325;670904;"Meseta de Burgos"
09326;670904;"Meseta de Burgos"
09327;670904;"Meseta de Burgos"
09328;670901;"Cordillera Cantábrica de Burgos"
09329;670904;"Meseta de Burgos"
09330;670905;"Ibérica de Burgos"
09332;670904;"Meseta de Burgos"
09334;670904;"Meseta de Burgos"
09335;670905;"Ibérica de Burgos"
09337;670904;"Meseta de Burgos"
09338;670904;"Meseta de Burgos"
09339;670904;"Meseta de Burgos"
09340;670905;"Ibérica de Burgos"
09343;670904;"Meseta de Burgos"
09345;670904;"Meseta de Burgos"
09346;670905;"Ibérica de Burgos"
09347;670904;"Meseta de Burgos"
09348;670904;"Meseta de Burgos"
09350;670904;"Meseta de Burgos"
09351;670904;"Meseta de Burgos"
09352;670904;"Meseta de Burgos"
09353;670904;"Meseta de Burgos"
09354;670904;"Meseta de Burgos"
09355;670904;"Meseta de Burgos"
09356;670905;"Ibérica de Burgos"
09358;670905;"Ibérica de Burgos"
09360;670905;"Ibérica de Burgos"
09361;670901;"Cordillera Cantábrica de Burgos"
09362;670904;"Meseta de Burgos"
09363;670904;"Meseta de Burgos"
09365;670904;"Meseta de Burgos"
09366;670904;"Meseta de Burgos"
09368;670904;"Meseta de Burgos"
09369;670904;"Meseta de Burgos"
09372;670904;"Meseta de Burgos"
09373;670904;"Meseta de Burgos"
09374;670904;"Meseta de Burgos"
09375;670904;"Meseta de Burgos"
09377;670904;"Meseta de Burgos"
09378;670905;"Ibérica de Burgos"
09380;670904;"Meseta de Burgos"
09381;670905;"Ibérica de Burgos"
09382;670904;"Meseta de Burgos"
09384;670904;"Meseta de Burgos"
09386;670904;"Meseta de Burgos"
09387;670904;"Meseta de Burgos"
09388;670905;"Ibérica de Burgos"
09389;670904;"Meseta de Burgos"
09390;670904;"Meseta de Burgos"
09391;670904;"Meseta de Burgos"
09392;670904;"Meseta de Burgos"
09394;670904;"Meseta de Burgos"
09395;670901;"Cordillera Cantábrica de Burgos"
09396;670904;"Meseta de Burgos"
09398;670901;"Cordillera Cantábrica de Burgos"
09400;670904;"Meseta de Burgos"
09403;670904;"Meseta de Burgos"
09405;670904;"Meseta de Burgos"
09406;670904;"Meseta de Burgos"
09407;670905;"Ibérica de Burgos"
09408;670904;"Meseta de Burgos"
09409;670904;"Meseta de Burgos"
09410;670904;"Meseta de Burgos"
09411;670904;"Meseta de Burgos"
09412;670904;"Meseta de Burgos"
09413;670901;"Cordillera Cantábrica de Burgos"
09414;670905;"Ibérica de Burgos"
09415;670901;"Cordillera Cantábrica de Burgos"
09416;670904;"Meseta de Burgos"
09417;670904;"Meseta de Burgos"
09418;670904;"Meseta de Burgos"
09419;670904;"Meseta de Burgos"
09421;670904;"Meseta de Burgos"
09422;670904;"Meseta de Burgos"
09423;670902;"Norte de Burgos"
09424;670902;"Norte de Burgos"
09425;670905;"Ibérica de Burgos"
09427;670904;"Meseta de Burgos"
09428;670904;"Meseta de Burgos"
09429;670904;"Meseta de Burgos"
09430;670905;"Ibérica de Burgos"
09431;670905;"Ibérica de Burgos"
09432;670904;"Meseta de Burgos"
09433;670905;"Ibérica de Burgos"
09434;670904;"Meseta de Burgos"
09437;670905;"Ibérica de Burgos"
09438;670905;"Ibérica de Burgos"
09439;670905;"Ibérica de Burgos"
09440;670904;"Meseta de Burgos"
09441;670904;"Meseta de Burgos"
09442;670904;"Meseta de Burgos"
09443;670904;"Meseta de Burgos"
09444;670904;"Meseta de Burgos"
09445;670902;"Norte de Burgos"
09446;670904;"Meseta de Burgos"
09447;670905;"Ibérica de Burgos"
09448;670904;"Meseta de Burgos"
09449;670904;"Meseta de Burgos"
09450;670905;"Ibérica de Burgos"
09451;670904;"Meseta de Burgos"
09454;670902;"Norte de Burgos"
09455;670904;"Meseta de Burgos"
09456;670904;"Meseta de Burgos"
09458;670904;"Meseta de Burgos"
09460;670904;"Meseta de Burgos"
09463;670905;"Ibérica de Burgos"
09464;670904;"Meseta de Burgos"
09466;670904;"Meseta de Burgos"
09467;670904;"Meseta de Burgos"
09471;670904;"Meseta de Burgos"
09472;670904;"Meseta de Burgos"
09473;670904;"Meseta de Burgos"
09476;670905;"Ibérica de Burgos"
09478;670905;"Ibérica de Burgos"
09480;670904;"Meseta de Burgos"
09482;670904;"Meseta de Burgos"
09483;670904;"Meseta de Burgos"
09485;670902;"Norte de Burgos"
09901;670904;"Meseta de Burgos"
09902;670904;"Meseta de Burgos"
09903;670902;"Norte de Burgos"
09904;670904;"Meseta de Burgos"
09905;670901;"Cordillera Cantábrica de Burgos"
09906;670904;"Meseta de Burgos"
09907;670904;"Meseta de Burgos"
09908;670902;"Norte de Burgos"
10001;701001;"Norte de Cáceres"
10002;701004;"Villuercas y Montánchez"
10003;701001;"Norte de Cáceres"
10004;701002;"Tajo y Alagón"
10005;701001;"Norte de Cáceres"
10006;701001;"Norte de Cáceres"
10007;701003;"Meseta cacereña"
10008;701003;"Meseta cacereña"
10009;701004;"Villuercas y Montánchez"
10010;701004;"Villuercas y Montánchez"
10011;701004;"Villuercas y Montánchez"
10012;701003;"Meseta cacereña"
10013;701003;"Meseta cacereña"
10014;701001;"Norte de Cáceres"
10015;701001;"Norte de Cáceres"
10016;701002;"Tajo y Alagón"
10017;701004;"Villuercas y Montánchez"
10018;701003;"Meseta cacereña"
10019;701002;"Tajo y Alagón"
10020;701004;"Villuercas y Montánchez"
10021;701003;"Meseta cacereña"
10022;701001;"Norte de Cáceres"
10023;701004;"Villuercas y Montánchez"
10024;701001;"Norte de Cáceres"
10025;701001;"Norte de Cáceres"
10026;701002;"Tajo y Alagón"
10027;701003;"Meseta cacereña"
10028;701002;"Tajo y Alagón"
10029;701004;"Villuercas y Montánchez"
10030;701002;"Tajo y Alagón"
10031;701003;"Meseta cacereña"
10032;701003;"Meseta cacereña"
10033;701004;"Villuercas y Montánchez"
10034;701001;"Norte de Cáceres"
10035;701001;"Norte de Cáceres"
10036;701001;"Norte de Cáceres"
10037;701003;"Meseta cacereña"
10038;701002;"Tajo y Alagón"
10039;701001;"Norte de Cáceres"
10040;701002;"Tajo y Alagón"
10041;701001;"Norte de Cáceres"
10042;701004;"Villuercas y Montánchez"
10043;701004;"Villuercas y Montánchez"
10044;701004;"Villuercas y Montánchez"
10045;701002;"Tajo y Alagón"
10046;701003;"Meseta cacereña"
10047;701001;"Norte de Cáceres"
10048;701004;"Villuercas y Montánchez"
10049;701003;"Meseta cacereña"
10050;701001;"Norte de Cáceres"
10051;701001;"Norte de Cáceres"
10052;701002;"Tajo y Alagón"
10053;701001;"Norte de Cáceres"
10054;701001;"Norte de Cáceres"
10055;701001;"Norte de Cáceres"
10056;701001;"Norte de Cáceres"
10057;701004;"Villuercas y Montánchez"
10058;701001;"Norte de Cáceres"
10059;701001;"Norte de Cáceres"
10060;701004;"Villuercas y Montánchez"
10061;701001;"Norte de Cáceres"
10062;701002;"Tajo y Alagón"
10063;701001;"Norte de Cáceres"
10064;701001;"Norte de Cáceres"
10065;701001;"Norte de Cáceres"
10066;701004;"Villuercas y Montánchez"
10067;701001;"Norte de Cáceres"
10068;701001;"Norte de Cáceres"
10069;701002;"Tajo y Alagón"
10070;701004;"Villuercas y Montánchez"
10071;701001;"Norte de Cáceres"
10072;701001;"Norte de Cáceres"
10073;701004;"Villuercas y Montánchez"
10075;701004;"Villuercas y Montánchez"
10076;701001;"Norte de Cáceres"
10077;701004;"Villuercas y Montánchez"
10078;701001;"Norte de Cáceres"
10079;701001;"Norte de Cáceres"
10080;701001;"Norte de Cáceres"
10081;701001;"Norte de Cáceres"
10082;701002;"Tajo y Alagón"
10083;701001;"Norte de Cáceres"
10084;701001;"Norte de Cáceres"
10085;701001;"Norte de Cáceres"
10086;701001;"Norte de Cáceres"
10087;701004;"Villuercas y Montánchez"
10088;701001;"Norte de Cáceres"
10089;701001;"Norte de Cáceres"
10090;701001;"Norte de Cáceres"
10091;701001;"Norte de Cáceres"
10092;701004;"Villuercas y Montánchez"
10093;701001;"Norte de Cáceres"
10094;701002;"Tajo y Alagón"
10095;701002;"Tajo y Alagón"
10096;701001;"Norte de Cáceres"
10097;701004;"Villuercas y Montánchez"
10098;701002;"Tajo y Alagón"
10099;701001;"Norte de Cáceres"
10100;701001;"Norte de Cáceres"
10101;701001;"Norte de Cáceres"
10102;701004;"Villuercas y Montánchez"
10103;701004;"Villuercas y Montánchez"
10104;701001;"Norte de Cáceres"
10105;701001;"Norte de Cáceres"
10106;701001;"Norte de Cáceres"
10107;701001;"Norte de Cáceres"
10108;701001;"Norte de Cáceres"
10109;701004;"Villuercas y Montánchez"
10110;701001;"Norte de Cáceres"
10111;701001;"Norte de Cáceres"
10112;701004;"Villuercas y Montánchez"
10113;701004;"Villuercas y Montánchez"
10114;701001;"Norte de Cáceres"
10115;701002;"Tajo y Alagón"
10116;701001;"Norte de Cáceres"
10117;701001;"Norte de Cáceres"
10118;701002;"Tajo y Alagón"
10119;701002;"Tajo y Alagón"
10120;701001;"Norte de Cáceres"
10121;701004;"Villuercas y Montánchez"
10122;701001;"Norte de Cáceres"
10123;701001;"Norte de Cáceres"
10124;701001;"Norte de Cáceres"
10125;701002;"Tajo y Alagón"
10126;701004;"Villuercas y Montánchez"
10127;701001;"Norte de Cáceres"
10128;701001;"Norte de Cáceres"
10129;701001;"Norte de Cáceres"
10130;701001;"Norte de Cáceres"
10131;701002;"Tajo y Alagón"
10132;701004;"Villuercas y Montánchez"
10133;701002;"Tajo y Alagón"
10134;701004;"Villuercas y Montánchez"
10135;701001;"Norte de Cáceres"
10136;701001;"Norte de Cáceres"
10137;701001;"Norte de Cáceres"
10138;701001;"Norte de Cáceres"
10139;701002;"Tajo y Alagón"
10140;701002;"Tajo y Alagón"
10141;701002;"Tajo y Alagón"
10142;701001;"Norte de Cáceres"
10143;701002;"Tajo y Alagón"
10144;701001;"Norte de Cáceres"
10145;701002;"Tajo y Alagón"
10146;701001;"Norte de Cáceres"
10147;701001;"Norte de Cáceres"
10148;701002;"Tajo y Alagón"
10149;701002;"Tajo y Alagón"
10150;701002;"Tajo y Alagón"
10151;701002;"Tajo y Alagón"
10152;701001;"Norte de Cáceres"
10153;701004;"Villuercas y Montánchez"
10154;701001;"Norte de Cáceres"
10155;701002;"Tajo y Alagón"
10156;701001;"Norte de Cáceres"
10157;701001;"Norte de Cáceres"
10158;701004;"Villuercas y Montánchez"
10159;701004;"Villuercas y Montánchez"
10160;701002;"Tajo y Alagón"
10161;701002;"Tajo y Alagón"
10162;701002;"Tajo y Alagón"
10163;701002;"Tajo y Alagón"
10164;701001;"Norte de Cáceres"
10165;701002;"Tajo y Alagón"
10166;701004;"Villuercas y Montánchez"
10167;701001;"Norte de Cáceres"
10168;701002;"Tajo y Alagón"
10169;701003;"Meseta cacereña"
10170;701003;"Meseta cacereña"
10171;701001;"Norte de Cáceres"
10172;701001;"Norte de Cáceres"
10173;701002;"Tajo y Alagón"
10174;701001;"Norte de Cáceres"
10175;701002;"Tajo y Alagón"
10176;701002;"Tajo y Alagón"
10177;701003;"Meseta cacereña"
10178;701003;"Meseta cacereña"
10179;701001;"Norte de Cáceres"
10180;701002;"Tajo y Alagón"
10181;701002;"Tajo y Alagón"
10182;701002;"Tajo y Alagón"
10183;701001;"Norte de Cáceres"
10184;701001;"Norte de Cáceres"
10185;701001;"Norte de Cáceres"
10186;701004;"Villuercas y Montánchez"
10187;701001;"Norte de Cáceres"
10188;701004;"Villuercas y Montánchez"
10189;701002;"Tajo y Alagón"
10190;701002;"Tajo y Alagón"
10191;701001;"Norte de Cáceres"
10192;701003;"Meseta cacereña"
10193;701003;"Meseta cacereña"
10194;701003;"Meseta cacereña"
10195;701003;"Meseta cacereña"
10196;701001;"Norte de Cáceres"
10197;701002;"Tajo y Alagón"
10198;701003;"Meseta cacereña"
10199;701002;"Tajo y Alagón"
10200;701002;"Tajo y Alagón"
10201;701004;"Villuercas y Montánchez"
10202;701002;"Tajo y Alagón"
10203;701003;"Meseta cacereña"
10204;701001;"Norte de Cáceres"
10205;701001;"Norte de Cáceres"
10206;701001;"Norte de Cáceres"
10207;701001;"Norte de Cáceres"
10208;701003;"Meseta cacereña"
10209;701004;"Villuercas y Montánchez"
10210;701001;"Norte de Cáceres"
10211;701001;"Norte de Cáceres"
10212;701001;"Norte de Cáceres"
10213;701004;"Villuercas y Montánchez"
10214;701001;"Norte de Cáceres"
10215;701001;"Norte de Cáceres"
10216;701001;"Norte de Cáceres"
10217;701004;"Villuercas y Montánchez"
10218;701002;"Tajo y Alagón"
10219;701004;"Villuercas y Montánchez"
10901;701002;"Tajo y Alagón"
10902;701002;"Tajo y Alagón"
10903;701002;"Tajo y Alagón"
10904;701002;"Tajo y Alagón"
10905;701002;"Tajo y Alagón"
11001;611102;"Campiña gaditana"
11002;611103;"Litoral gaditano"
11003;611102;"Campiña gaditana"
11004;611102;"Campiña gaditana"
11005;611103;"Litoral gaditano"
11006;611102;"Campiña gaditana"
11007;611103;"Litoral gaditano"
11008;611102;"Campiña gaditana"
11009;611103;"Litoral gaditano"
11010;611102;"Campiña gaditana"
11011;611103;"Litoral gaditano"
11012;611103;"Litoral gaditano"
11013;611102;"Campiña gaditana"
11014;611103;"Litoral gaditano"
11015;611103;"Litoral gaditano"
11016;611103;"Litoral gaditano"
11017;611102;"Campiña gaditana"
11018;611103;"Litoral gaditano"
11019;611103;"Litoral gaditano"
11020;611102;"Campiña gaditana"
11021;611103;"Litoral gaditano"
11022;611102;"Campiña gaditana"
11023;611102;"Campiña gaditana"
11024;611103;"Litoral gaditano"
11025;611102;"Campiña gaditana"
11026;611103;"Litoral gaditano"
11027;611103;"Litoral gaditano"
11028;611103;"Litoral gaditano"
11029;611103;"Litoral gaditano"
11030;611103;"Litoral gaditano"
11031;611103;"Litoral gaditano"
11032;611103;"Litoral gaditano"
11033;611102;"Campiña gaditana"
11034;611103;"Litoral gaditano"
11035;611102;"Campiña gaditana"
11036;611103;"Litoral gaditano"
11037;611103;"Litoral gaditano"
11038;611103;"Litoral gaditano"
11039;611103;"Litoral gaditano"
11040;611103;"Litoral gaditano"
11042;611103;"Litoral gaditano"
11902;611101;Grazalema
12001;771203;"Interior sur de Castellón"
12002;771203;"Interior sur de Castellón"
12003;771204;"Litoral sur de Castellón"
12004;771204;"Litoral sur de Castellón"
12005;771203;"Interior sur de Castellón"
12006;771203;"Interior sur de Castellón"
12007;771204;"Litoral sur de Castellón"
12008;771203;"Interior sur de Castellón"
12009;771204;"Litoral sur de Castellón"
12010;771203;"Interior sur de Castellón"
12011;771204;"Litoral sur de Castellón"
12012;771203;"Interior sur de Castellón"
12013;771203;"Interior sur de Castellón"
12014;771201;"Interior norte de Castellón"
12015;771203;"Interior sur de Castellón"
12016;771204;"Litoral sur de Castellón"
12017;771203;"Interior sur de Castellón"
12018;771203;"Interior sur de Castellón"
12020;771203;"Interior sur de Castellón"
12021;771204;"Litoral sur de Castellón"
12022;771203;"Interior sur de Castellón"
12024;771203;"Interior sur de Castellón"
12025;771203;"Interior sur de Castellón"
12026;771201;"Interior norte de Castellón"
12027;771202;"Litoral norte de Castellón"
12028;771204;"Litoral sur de Castellón"
12029;771204;"Litoral sur de Castellón"
12031;771204;"Litoral sur de Castellón"
12032;771204;"Litoral sur de Castellón"
12033;771204;"Litoral sur de Castellón"
12034;771201;"Interior norte de Castellón"
12036;771201;"Interior norte de Castellón"
12037;771201;"Interior norte de Castellón"
12038;771201;"Interior norte de Castellón"
12039;771203;"Interior sur de Castellón"
12040;771204;"Litoral sur de Castellón"
12041;771203;"Interior sur de Castellón"
12042;771201;"Interior norte de Castellón"
12043;771203;"Interior sur de Castellón"
12044;771201;"Interior norte de Castellón"
12045;771201;"Interior norte de Castellón"
12046;771203;"Interior sur de Castellón"
12048;771203;"Interior sur de Castellón"
12049;771203;"Interior sur de Castellón"
12050;771204;"Litoral sur de Castellón"
12051;771203;"Interior sur de Castellón"
12052;771201;"Interior norte de Castellón"
12053;771204;"Litoral sur de Castellón"
12055;771203;"Interior sur de Castellón"
12056;771204;"Litoral sur de Castellón"
12057;771204;"Litoral sur de Castellón"
12058;771203;"Interior sur de Castellón"
12059;771203;"Interior sur de Castellón"
12060;771203;"Interior sur de Castellón"
12061;771201;"Interior norte de Castellón"
12063;771203;"Interior sur de Castellón"
12064;771203;"Interior sur de Castellón"
12065;771203;"Interior sur de Castellón"
12067;771203;"Interior sur de Castellón"
12068;771201;"Interior norte de Castellón"
12069;771203;"Interior sur de Castellón"
12070;771201;"Interior norte de Castellón"
12071;771203;"Interior sur de Castellón"
12072;771203;"Interior sur de Castellón"
12073;771204;"Litoral sur de Castellón"
12074;771204;"Litoral sur de Castellón"
12075;771201;"Interior norte de Castellón"
12076;771204;"Litoral sur de Castellón"
12077;771204;"Litoral sur de Castellón"
12078;771204;"Litoral sur de Castellón"
12079;771204;"Litoral sur de Castellón"
12080;771201;"Interior norte de Castellón"
12081;771204;"Litoral sur de Castellón"
12082;771204;"Litoral sur de Castellón"
12083;771201;"Interior norte de Castellón"
12084;771204;"Litoral sur de Castellón"
12085;771204;"Litoral sur de Castellón"
12087;771201;"Interior norte de Castellón"
12088;771204;"Litoral sur de Castellón"
12089;771201;"Interior norte de Castellón"
12090;771204;"Litoral sur de Castellón"
12091;771201;"Interior norte de Castellón"
12092;771204;"Litoral sur de Castellón"
12093;771203;"Interior sur de Castellón"
12094;771204;"Litoral sur de Castellón"
12095;771204;"Litoral sur de Castellón"
12096;771201;"Interior norte de Castellón"
12097;771204;"Litoral sur de Castellón"
12098;771204;"Litoral sur de Castellón"
12099;771201;"Interior norte de Castellón"
12100;771201;"Interior norte de Castellón"
12101;771201;"Interior norte de Castellón"
12102;771201;"Interior norte de Castellón"
12103;771204;"Litoral sur de Castellón"
12104;771204;"Litoral sur de Castellón"
12105;771204;"Litoral sur de Castellón"
12106;771204;"Litoral sur de Castellón"
12107;771203;"Interior sur de Castellón"
12108;771203;"Interior sur de Castellón"
12109;771203;"Interior sur de Castellón"
12110;771203;"Interior sur de Castellón"
12111;771204;"Litoral sur de Castellón"
12112;771203;"Interior sur de Castellón"
12113;771203;"Interior sur de Castellón"
12114;771203;"Interior sur de Castellón"
12115;771203;"Interior sur de Castellón"
12116;771203;"Interior sur de Castellón"
12117;771204;"Litoral sur de Castellón"
12118;771203;"Interior sur de Castellón"
12119;771203;"Interior sur de Castellón"
12120;771204;"Litoral sur de Castellón"
12121;771201;"Interior norte de Castellón"
12122;771203;"Interior sur de Castellón"
12123;771203;"Interior sur de Castellón"
12124;771204;"Litoral sur de Castellón"
12125;771203;"Interior sur de Castellón"
12126;771204;"Litoral sur de Castellón"
12127;771203;"Interior sur de Castellón"
12128;771204;"Litoral sur de Castellón"
12129;771203;"Interior sur de Castellón"
12130;771203;"Interior sur de Castellón"
12131;771203;"Interior sur de Castellón"
12132;771204;"Litoral sur de Castellón"
12133;771203;"Interior sur de Castellón"
12134;771203;"Interior sur de Castellón"
12135;771204;"Litoral sur de Castellón"
12136;771204;"Litoral sur de Castellón"
12137;771203;"Interior sur de Castellón"
12138;771201;"Interior norte de Castellón"
12139;771203;"Interior sur de Castellón"
12140;771203;"Interior sur de Castellón"
12141;771203;"Interior sur de Castellón"
12142;771203;"Interior sur de Castellón"
12901;771204;"Litoral sur de Castellón"
12902;771204;"Litoral sur de Castellón"
13001;681303;"Valle del Guadiana"
13002;681303;"Valle del Guadiana"
13003;681304;"Sierras de Alcudia y Madrona"
13004;681302;"La Mancha de Ciudad Real"
13005;681301;"Montes del norte y Anchuras"
13006;681301;"Montes del norte y Anchuras"
13007;681303;"Valle del Guadiana"
13008;681301;"Montes del norte y Anchuras"
13009;681303;"Valle del Guadiana"
13010;681301;"Montes del norte y Anchuras"
13011;681303;"Valle del Guadiana"
13012;681303;"Valle del Guadiana"
13013;681301;"Montes del norte y Anchuras"
13014;681301;"Montes del norte y Anchuras"
13015;681303;"Valle del Guadiana"
13016;681303;"Valle del Guadiana"
13017;681301;"Montes del norte y Anchuras"
13018;681301;"Montes del norte y Anchuras"
13019;681301;"Montes del norte y Anchuras"
13020;681303;"Valle del Guadiana"
13021;681301;"Montes del norte y Anchuras"
13022;681303;"Valle del Guadiana"
13023;681301;"Montes del norte y Anchuras"
13024;681303;"Valle del Guadiana"
13025;681303;"Valle del Guadiana"
13026;681303;"Valle del Guadiana"
13027;681303;"Valle del Guadiana"
13028;681301;"Montes del norte y Anchuras"
13029;681303;"Valle del Guadiana"
13030;681303;"Valle del Guadiana"
13031;681301;"Montes del norte y Anchuras"
13032;681301;"Montes del norte y Anchuras"
13033;681301;"Montes del norte y Anchuras"
13034;681303;"Valle del Guadiana"
13035;681303;"Valle del Guadiana"
13036;681301;"Montes del norte y Anchuras"
13037;681301;"Montes del norte y Anchuras"
13038;681303;"Valle del Guadiana"
13039;681301;"Montes del norte y Anchuras"
13040;681301;"Montes del norte y Anchuras"
13041;681301;"Montes del norte y Anchuras"
13042;681303;"Valle del Guadiana"
13043;681301;"Montes del norte y Anchuras"
13044;681301;"Montes del norte y Anchuras"
13045;681301;"Montes del norte y Anchuras"
13046;681303;"Valle del Guadiana"
13047;681301;"Montes del norte y Anchuras"
13048;681303;"Valle del Guadiana"
13049;681301;"Montes del norte y Anchuras"
13050;681301;"Montes del norte y Anchuras"
13051;681303;"Valle del Guadiana"
13052;681301;"Montes del norte y Anchuras"
13053;681301;"Montes del norte y Anchuras"
13054;681301;"Montes del norte y Anchuras"
13055;681303;"Valle del Guadiana"
13056;681303;"Valle del Guadiana"
13057;681301;"Montes del norte y Anchuras"
13058;681301;"Montes del norte y Anchuras"
13059;681301;"Montes del norte y Anchuras"
13060;681301;"Montes del norte y Anchuras"
13061;681301;"Montes del norte y Anchuras"
13062;681303;"Valle del Guadiana"
13063;681303;"Valle del Guadiana"
13064;681303;"Valle del Guadiana"
13065;681301;"Montes del norte y Anchuras"
13066;681303;"Valle del Guadiana"
13067;681301;"Montes del norte y Anchuras"
13068;681301;"Montes del norte y Anchuras"
13069;681301;"Montes del norte y Anchuras"
13070;681301;"Montes del norte y Anchuras"
13071;681301;"Montes del norte y Anchuras"
13072;681301;"Montes del norte y Anchuras"
13073;681301;"Montes del norte y Anchuras"
13074;681301;"Montes del norte y Anchuras"
13075;681303;"Valle del Guadiana"
13076;681301;"Montes del norte y Anchuras"
13077;681301;"Montes del norte y Anchuras"
13078;681301;"Montes del norte y Anchuras"
13079;681301;"Montes del norte y Anchuras"
13080;681303;"Valle del Guadiana"
13081;681301;"Montes del norte y Anchuras"
13082;681301;"Montes del norte y Anchuras"
13083;681301;"Montes del norte y Anchuras"
13084;681301;"Montes del norte y Anchuras"
13085;681301;"Montes del norte y Anchuras"
13086;681301;"Montes del norte y Anchuras"
13087;681301;"Montes del norte y Anchuras"
13088;681301;"Montes del norte y Anchuras"
13089;681301;"Montes del norte y Anchuras"
13090;681301;"Montes del norte y Anchuras"
13091;681301;"Montes del norte y Anchuras"
13092;681301;"Montes del norte y Anchuras"
13093;681301;"Montes del norte y Anchuras"
13094;681301;"Montes del norte y Anchuras"
13095;681301;"Montes del norte y Anchuras"
13096;681301;"Montes del norte y Anchuras"
13097;681301;"Montes del norte y Anchuras"
13098;681303;"Valle del Guadiana"
13901;681301;"Montes del norte y Anchuras"
13902;681301;"Montes del norte y Anchuras"
13903;681301;"Montes del norte y Anchuras"
13904;681301;"Montes del norte y Anchuras"
14001;611402;"Campiña cordobesa"
14002;611403;"Subbética cordobesa"
14003;611402;"Campiña cordobesa"
14004;611403;"Subbética cordobesa"
14005;611402;"Campiña cordobesa"
14006;611402;"Campiña cordobesa"
14007;611403;"Subbética cordobesa"
14008;611402;"Campiña cordobesa"
14009;611402;"Campiña cordobesa"
14010;611403;"Subbética cordobesa"
14011;611402;"Campiña cordobesa"
14012;611402;"Campiña cordobesa"
14013;611403;"Subbética cordobesa"
14014;611402;"Campiña cordobesa"
14015;611403;"Subbética cordobesa"
14016;611402;"Campiña cordobesa"
14017;611402;"Campiña cordobesa"
14018;611402;"Campiña cordobesa"
14019;611403;"Subbética cordobesa"
14020;611402;"Campiña cordobesa"
14021;611402;"Campiña cordobesa"
14022;611403;"Subbética cordobesa"
14023;611402;"Campiña cordobesa"
14024;611403;"Subbética cordobesa"
14025;611403;"Subbética cordobesa"
14026;611402;"Campiña cordobesa"
14027;611402;"Campiña cordobesa"
14028;611402;"Campiña cordobesa"
14029;611402;"Campiña cordobesa"
14030;611402;"Campiña cordobesa"
14031;611403;"Subbética cordobesa"
14032;611402;"Campiña cordobesa"
14033;611402;"Campiña cordobesa"
14034;611402;"Campiña cordobesa"
14035;611402;"Campiña cordobesa"
14036;611402;"Campiña cordobesa"
14037;611403;"Subbética cordobesa"
14038;611403;"Subbética cordobesa"
14039;611403;"Subbética cordobesa"
14040;611402;"Campiña cordobesa"
14041;611403;"Subbética cordobesa"
14042;611403;"Subbética cordobesa"
14043;611402;"Campiña cordobesa"
14044;611403;"Subbética cordobesa"
14045;611403;"Subbética cordobesa"
14046;611403;"Subbética cordobesa"
14047;611402;"Campiña cordobesa"
14048;611403;"Subbética cordobesa"
14049;611402;"Campiña cordobesa"
14050;611402;"Campiña cordobesa"
14051;611402;"Campiña cordobesa"
14052;611402;"Campiña cordobesa"
14053;611402;"Campiña cordobesa"
14054;611402;"Campiña cordobesa"
14055;611403;"Subbética cordobesa"
14056;611403;"Subbética cordobesa"
14057;611402;"Campiña cordobesa"
14058;611403;"Subbética cordobesa"
14059;611402;"Campiña cordobesa"
14060;611402;"Campiña cordobesa"
14061;611402;"Campiña cordobesa"
14062;611402;"Campiña cordobesa"
14063;611403;"Subbética cordobesa"
14064;611402;"Campiña cordobesa"
14065;611402;"Campiña cordobesa"
14066;611402;"Campiña cordobesa"
14067;611402;"Campiña cordobesa"
14068;611402;"Campiña cordobesa"
14069;611402;"Campiña cordobesa"
14070;611402;"Campiña cordobesa"
14071;611402;"Campiña cordobesa"
14074;611401;"Sierra y Pedroches"
14075;611403;"Subbética cordobesa"
15001;711501;"Noroeste de A Coruña"
15002;711503;"Interior de A Coruña"
15003;711503;"Interior de A Coruña"
15004;711501;"Noroeste de A Coruña"
15005;711501;"Noroeste de A Coruña"
15006;711503;"Interior de A Coruña"
15007;711503;"Interior de A Coruña"
15008;711501;"Noroeste de A Coruña"
15009;711501;"Noroeste de A Coruña"
15010;711503;"Interior de A Coruña"
15011;711504;"Suroeste de A Coruña"
15012;711504;"Suroeste de A Coruña"
15013;711504;"Suroeste de A Coruña"
15014;711501;"Noroeste de A Coruña"
15015;711501;"Noroeste de A Coruña"
15016;711502;"Oeste de A Coruña"
15017;711501;"Noroeste de A Coruña"
15018;711504;"Suroeste de A Coruña"
15019;711501;"Noroeste de A Coruña"
15020;711502;"Oeste de A Coruña"
15021;711501;"Noroeste de A Coruña"
15022;711502;"Oeste de A Coruña"
15023;711502;"Oeste de A Coruña"
15024;711502;"Oeste de A Coruña"
15025;711502;"Oeste de A Coruña"
15027;711504;"Suroeste de A Coruña"
15028;711502;"Oeste de A Coruña"
15029;711502;"Oeste de A Coruña"
15030;711502;"Oeste de A Coruña"
15031;711502;"Oeste de A Coruña"
15032;711504;"Suroeste de A Coruña"
15033;711504;"Suroeste de A Coruña"
15034;711502;"Oeste de A Coruña"
15035;711502;"Oeste de A Coruña"
15036;711502;"Oeste de A Coruña"
15037;711502;"Oeste de A Coruña"
15038;711504;"Suroeste de A Coruña"
15039;711504;"Suroeste de A Coruña"
15040;711502;"Oeste de A Coruña"
15041;711502;"Oeste de A Coruña"
15042;711504;"Suroeste de A Coruña"
15043;711502;"Oeste de A Coruña"
15044;711502;"Oeste de A Coruña"
15045;711502;"Oeste de A Coruña"
15046;711504;"Suroeste de A Coruña"
15047;711504;"Suroeste de A Coruña"
15048;711502;"Oeste de A Coruña"
15049;711502;"Oeste de A Coruña"
15050;711504;"Suroeste de A Coruña"
15051;711502;"Oeste de A Coruña"
15052;711502;"Oeste de A Coruña"
15053;711504;"Suroeste de A Coruña"
15056;711504;"Suroeste de A Coruña"
15057;711504;"Suroeste de A Coruña"
15058;711501;"Noroeste de A Coruña"
15059;711504;"Suroeste de A Coruña"
15060;711504;"Suroeste de A Coruña"
15061;711501;"Noroeste de A Coruña"
15062;711504;"Suroeste de A Coruña"
15064;711501;"Noroeste de A Coruña"
15065;711504;"Suroeste de A Coruña"
15066;711504;"Suroeste de A Coruña"
15067;711504;"Suroeste de A Coruña"
15068;711501;"Noroeste de A Coruña"
15069;711501;"Noroeste de A Coruña"
15070;711504;"Suroeste de A Coruña"
15071;711504;"Suroeste de A Coruña"
15072;711504;"Suroeste de A Coruña"
15073;711504;"Suroeste de A Coruña"
15074;711504;"Suroeste de A Coruña"
15075;711501;"Noroeste de A Coruña"
15076;711501;"Noroeste de A Coruña"
15077;711504;"Suroeste de A Coruña"
15078;711504;"Suroeste de A Coruña"
15079;711504;"Suroeste de A Coruña"
15080;711504;"Suroeste de A Coruña"
15081;711504;"Suroeste de A Coruña"
15082;711504;"Suroeste de A Coruña"
15083;711504;"Suroeste de A Coruña"
15084;711504;"Suroeste de A Coruña"
15085;711503;"Interior de A Coruña"
15086;711503;"Interior de A Coruña"
15087;711501;"Noroeste de A Coruña"
15088;711503;"Interior de A Coruña"
15089;711503;"Interior de A Coruña"
15090;711503;"Interior de A Coruña"
15091;711501;"Noroeste de A Coruña"
15092;711502;"Oeste de A Coruña"
15093;711502;"Oeste de A Coruña"
15901;711501;"Noroeste de A Coruña"
15902;711501;"Noroeste de A Coruña"
16001;681602;"Serranía de Cuenca"
16002;681603;"La Mancha conquense"
16003;681603;"La Mancha conquense"
16004;681603;"La Mancha conquense"
16005;681601;"Alcarria conquense"
16006;681601;"Alcarria conquense"
16007;681603;"La Mancha conquense"
16008;681602;"Serranía de Cuenca"
16009;681601;"Alcarria conquense"
16010;681603;"La Mancha conquense"
16011;681601;"Alcarria conquense"
16012;681603;"La Mancha conquense"
16013;681602;"Serranía de Cuenca"
16014;681602;"Serranía de Cuenca"
16015;681603;"La Mancha conquense"
16016;681603;"La Mancha conquense"
16017;681603;"La Mancha conquense"
16018;681603;"La Mancha conquense"
16019;681603;"La Mancha conquense"
16020;681601;"Alcarria conquense"
16022;681602;"Serranía de Cuenca"
16023;681602;"Serranía de Cuenca"
16024;681602;"Serranía de Cuenca"
16025;681601;"Alcarria conquense"
16026;681603;"La Mancha conquense"
16027;681601;"Alcarria conquense"
16029;681603;"La Mancha conquense"
16030;681602;"Serranía de Cuenca"
16031;681602;"Serranía de Cuenca"
16032;681603;"La Mancha conquense"
16033;681603;"La Mancha conquense"
16034;681603;"La Mancha conquense"
16035;681602;"Serranía de Cuenca"
16036;681602;"Serranía de Cuenca"
16038;681601;"Alcarria conquense"
16039;681603;"La Mancha conquense"
16040;681602;"Serranía de Cuenca"
16041;681601;"Alcarria conquense"
16042;681603;"La Mancha conquense"
16043;681602;"Serranía de Cuenca"
16044;681602;"Serranía de Cuenca"
16045;681601;"Alcarria conquense"
16046;681602;"Serranía de Cuenca"
16047;681603;"La Mancha conquense"
16048;681602;"Serranía de Cuenca"
16049;681603;"La Mancha conquense"
16050;681601;"Alcarria conquense"
16051;681601;"Alcarria conquense"
16052;681602;"Serranía de Cuenca"
16053;681602;"Serranía de Cuenca"
16055;681602;"Serranía de Cuenca"
16056;681602;"Serranía de Cuenca"
16057;681602;"Serranía de Cuenca"
16058;681603;"La Mancha conquense"
16060;681603;"La Mancha conquense"
16061;681602;"Serranía de Cuenca"
16062;681602;"Serranía de Cuenca"
16063;681602;"Serranía de Cuenca"
16064;681602;"Serranía de Cuenca"
16065;681602;"Serranía de Cuenca"
16066;681602;"Serranía de Cuenca"
16067;681602;"Serranía de Cuenca"
16068;681602;"Serranía de Cuenca"
16070;681602;"Serranía de Cuenca"
16071;681602;"Serranía de Cuenca"
16072;681602;"Serranía de Cuenca"
16073;681602;"Serranía de Cuenca"
16074;681602;"Serranía de Cuenca"
16078;681602;"Serranía de Cuenca"
16079;681602;"Serranía de Cuenca"
16081;681603;"La Mancha conquense"
16082;681602;"Serranía de Cuenca"
16083;681602;"Serranía de Cuenca"
16084;681602;"Serranía de Cuenca"
16085;681602;"Serranía de Cuenca"
16086;681603;"La Mancha conquense"
16087;681603;"La Mancha conquense"
16088;681602;"Serranía de Cuenca"
16089;681602;"Serranía de Cuenca"
16091;681602;"Serranía de Cuenca"
16092;681603;"La Mancha conquense"
16093;681602;"Serranía de Cuenca"
16094;681602;"Serranía de Cuenca"
16095;681602;"Serranía de Cuenca"
16096;681603;"La Mancha conquense"
16097;681602;"Serranía de Cuenca"
16098;681603;"La Mancha conquense"
16099;681603;"La Mancha conquense"
16100;681603;"La Mancha conquense"
16101;681603;"La Mancha conquense"
16102;681603;"La Mancha conquense"
16103;681603;"La Mancha conquense"
16104;681603;"La Mancha conquense"
16106;681603;"La Mancha conquense"
16107;681602;"Serranía de Cuenca"
16108;681603;"La Mancha conquense"
16109;681602;"Serranía de Cuenca"
16110;681603;"La Mancha conquense"
16111;681602;"Serranía de Cuenca"
16112;681603;"La Mancha conquense"
16113;681603;"La Mancha conquense"
16115;681602;"Serranía de Cuenca"
16116;681602;"Serranía de Cuenca"
16117;681602;"Serranía de Cuenca"
16118;681603;"La Mancha conquense"
16119;681602;"Serranía de Cuenca"
16121;681602;"Serranía de Cuenca"
16122;681602;"Serranía de Cuenca"
16123;681602;"Serranía de Cuenca"
16124;681603;"La Mancha conquense"
16125;681603;"La Mancha conquense"
16126;681602;"Serranía de Cuenca"
16128;681603;"La Mancha conquense"
16129;681603;"La Mancha conquense"
16130;681603;"La Mancha conquense"
16131;681602;"Serranía de Cuenca"
16132;681603;"La Mancha conquense"
16133;681603;"La Mancha conquense"
16134;681603;"La Mancha conquense"
16135;681602;"Serranía de Cuenca"
16137;681602;"Serranía de Cuenca"
16139;681603;"La Mancha conquense"
16140;681602;"Serranía de Cuenca"
16141;681603;"La Mancha conquense"
16142;681603;"La Mancha conquense"
16143;681602;"Serranía de Cuenca"
16145;681603;"La Mancha conquense"
16146;681602;"Serranía de Cuenca"
16147;681602;"Serranía de Cuenca"
16148;681603;"La Mancha conquense"
16149;681602;"Serranía de Cuenca"
16150;681602;"Serranía de Cuenca"
16151;681602;"Serranía de Cuenca"
16152;681603;"La Mancha conquense"
16153;681603;"La Mancha conquense"
16154;681603;"La Mancha conquense"
16155;681603;"La Mancha conquense"
16156;681602;"Serranía de Cuenca"
16157;681602;"Serranía de Cuenca"
16158;681603;"La Mancha conquense"
16159;681603;"La Mancha conquense"
16160;681602;"Serranía de Cuenca"
16161;681603;"La Mancha conquense"
16162;681602;"Serranía de Cuenca"
16163;681602;"Serranía de Cuenca"
16165;681602;"Serranía de Cuenca"
16166;681603;"La Mancha conquense"
16167;681603;"La Mancha conquense"
16169;681602;"Serranía de Cuenca"
16170;681602;"Serranía de Cuenca"
16171;681603;"La Mancha conquense"
16172;681603;"La Mancha conquense"
16173;681602;"Serranía de Cuenca"
16174;681603;"La Mancha conquense"
16175;681603;"La Mancha conquense"
16176;681603;"La Mancha conquense"
16177;681602;"Serranía de Cuenca"
16181;681603;"La Mancha conquense"
16185;681602;"Serranía de Cuenca"
16186;681603;"La Mancha conquense"
16187;681602;"Serranía de Cuenca"
16189;681602;"Serranía de Cuenca"
16190;681603;"La Mancha conquense"
16191;681603;"La Mancha conquense"
16192;681602;"Serranía de Cuenca"
16194;681602;"Serranía de Cuenca"
16195;681603;"La Mancha conquense"
16196;681603;"La Mancha conquense"
16197;681602;"Serranía de Cuenca"
16198;681603;"La Mancha conquense"
16199;681603;"La Mancha conquense"
16202;681602;"Serranía de Cuenca"
16203;681603;"La Mancha conquense"
16204;681603;"La Mancha conquense"
16205;681602;"Serranía de Cuenca"
16206;681601;"Alcarria conquense"
16209;681601;"Alcarria conquense"
16211;681603;"La Mancha conquense"
16212;681603;"La Mancha conquense"
16213;681603;"La Mancha conquense"
16215;681602;"Serranía de Cuenca"
16216;681603;"La Mancha conquense"
16217;681603;"La Mancha conquense"
16218;681603;"La Mancha conquense"
16219;681602;"Serranía de Cuenca"
16224;681602;"Serranía de Cuenca"
16225;681602;"Serranía de Cuenca"
16227;681602;"Serranía de Cuenca"
16228;681601;"Alcarria conquense"
16231;681603;"La Mancha conquense"
16234;681602;"Serranía de Cuenca"
16236;681603;"La Mancha conquense"
16237;681603;"La Mancha conquense"
16238;681603;"La Mancha conquense"
16239;681602;"Serranía de Cuenca"
16240;681601;"Alcarria conquense"
16242;681601;"Alcarria conquense"
16243;681603;"La Mancha conquense"
16244;681603;"La Mancha conquense"
16245;681602;"Serranía de Cuenca"
16246;681601;"Alcarria conquense"
16247;681603;"La Mancha conquense"
16248;681603;"La Mancha conquense"
16249;681603;"La Mancha conquense"
16250;681601;"Alcarria conquense"
16251;681603;"La Mancha conquense"
16253;681603;"La Mancha conquense"
16254;681601;"Alcarria conquense"
16255;681603;"La Mancha conquense"
16258;681602;"Serranía de Cuenca"
16259;681601;"Alcarria conquense"
16263;681602;"Serranía de Cuenca"
16264;681603;"La Mancha conquense"
16265;681601;"Alcarria conquense"
16266;681603;"La Mancha conquense"
16269;681603;"La Mancha conquense"
16270;681603;"La Mancha conquense"
16271;681603;"La Mancha conquense"
16272;681601;"Alcarria conquense"
16273;681603;"La Mancha conquense"
16274;681602;"Serranía de Cuenca"
16275;681601;"Alcarria conquense"
16276;681602;"Serranía de Cuenca"
16277;681603;"La Mancha conquense"
16278;681602;"Serranía de Cuenca"
16279;681603;"La Mancha conquense"
16280;681602;"Serranía de Cuenca"
16901;681603;"La Mancha conquense"
16902;681602;"Serranía de Cuenca"
16903;681603;"La Mancha conquense"
16904;681602;"Serranía de Cuenca"
16905;681602;"Serranía de Cuenca"
16906;681601;"Alcarria conquense"
16908;681603;"La Mancha conquense"
16909;681602;"Serranía de Cuenca"
16910;681601;"Alcarria conquense"
17001;691701;"Pirineo de Girona"
17002;691702;"Prelitoral de Girona"
17003;691701;"Pirineo de Girona"
17004;691703;Ampurdán
17005;691703;Ampurdán
17006;691701;"Pirineo de Girona"
17007;691702;"Prelitoral de Girona"
17008;691702;"Prelitoral de Girona"
17009;691702;"Prelitoral de Girona"
17010;691702;"Prelitoral de Girona"
17011;691703;Ampurdán
17012;691703;Ampurdán
17013;691703;Ampurdán
17014;691701;"Pirineo de Girona"
17015;691702;"Prelitoral de Girona"
17016;691703;Ampurdán
17018;691703;Ampurdán
17019;691702;"Prelitoral de Girona"
17020;691702;"Prelitoral de Girona"
17021;691702;"Prelitoral de Girona"
17022;691703;Ampurdán
17023;691704;"Litoral sur de Girona"
17024;691701;"Pirineo de Girona"
17025;691703;Ampurdán
17026;691703;Ampurdán
17027;691702;"Prelitoral de Girona"
17028;691702;"Prelitoral de Girona"
17029;691703;Ampurdán
17030;691703;Ampurdán
17031;691702;"Prelitoral de Girona"
17032;691703;Ampurdán
17033;691702;"Prelitoral de Girona"
17034;691703;Ampurdán
17035;691702;"Prelitoral de Girona"
17036;691701;"Pirineo de Girona"
17037;691701;"Pirineo de Girona"
17038;691702;"Prelitoral de Girona"
17039;691701;"Pirineo de Girona"
17040;691702;"Prelitoral de Girona"
17041;691703;Ampurdán
17042;691703;Ampurdán
17043;691701;"Pirineo de Girona"
17044;691702;"Prelitoral de Girona"
17046;691702;"Prelitoral de Girona"
17047;691703;Ampurdán
17048;691704;"Litoral sur de Girona"
17049;691702;"Prelitoral de Girona"
17050;691703;Ampurdán
17051;691703;Ampurdán
17052;691703;Ampurdán
17054;691703;Ampurdán
17055;691703;Ampurdán
17056;691702;"Prelitoral de Girona"
17057;691703;Ampurdán
17058;691702;"Prelitoral de Girona"
17060;691702;"Prelitoral de Girona"
17061;691701;"Pirineo de Girona"
17062;691703;Ampurdán
17063;691702;"Prelitoral de Girona"
17064;691703;Ampurdán
17065;691702;"Prelitoral de Girona"
17066;691703;Ampurdán
17067;691703;Ampurdán
17068;691703;Ampurdán
17069;691701;"Pirineo de Girona"
17070;691703;Ampurdán
17071;691702;"Prelitoral de Girona"
17073;691702;"Prelitoral de Girona"
17074;691703;Ampurdán
17075;691703;Ampurdán
17076;691703;Ampurdán
17077;691703;Ampurdán
17078;691702;"Prelitoral de Girona"
17079;691702;"Prelitoral de Girona"
17080;691702;"Prelitoral de Girona"
17081;691703;Ampurdán
17082;691702;"Prelitoral de Girona"
17083;691702;"Prelitoral de Girona"
17084;691702;"Prelitoral de Girona"
17085;691703;Ampurdán
17086;691702;"Prelitoral de Girona"
17087;691703;Ampurdán
17088;691703;Ampurdán
17089;691704;"Litoral sur de Girona"
17090;691702;"Prelitoral de Girona"
17091;691702;"Prelitoral de Girona"
17092;691703;Ampurdán
17093;691703;Ampurdán
17094;691702;"Prelitoral de Girona"
17095;691704;"Litoral sur de Girona"
17096;691702;"Prelitoral de Girona"
17097;691703;Ampurdán
17098;691702;"Prelitoral de Girona"
17099;691702;"Prelitoral de Girona"
17100;691703;Ampurdán
17101;691702;"Prelitoral de Girona"
17102;691702;"Prelitoral de Girona"
17103;691702;"Prelitoral de Girona"
17105;691702;"Prelitoral de Girona"
17106;691703;Ampurdán
17107;691702;"Prelitoral de Girona"
17109;691702;"Prelitoral de Girona"
17110;691703;Ampurdán
17111;691703;Ampurdán
17112;691702;"Prelitoral de Girona"
17114;691702;"Prelitoral de Girona"
17115;691703;Ampurdán
17116;691702;"Prelitoral de Girona"
17117;691703;Ampurdán
17118;691703;Ampurdán
17119;691703;Ampurdán
17120;691703;Ampurdán
17121;691703;Ampurdán
17123;691702;"Prelitoral de Girona"
17124;691703;Ampurdán
17125;691702;"Prelitoral de Girona"
17126;691703;Ampurdán
17128;691703;Ampurdán
17129;691703;Ampurdán
17130;691703;Ampurdán
17132;691703;Ampurdán
17133;691702;"Prelitoral de Girona"
17134;691702;"Prelitoral de Girona"
17135;691703;Ampurdán
17136;691703;Ampurdán
17137;691702;"Prelitoral de Girona"
17138;691703;Ampurdán
17139;691702;"Prelitoral de Girona"
17140;691703;Ampurdán
17141;691701;"Pirineo de Girona"
17142;691702;"Prelitoral de Girona"
17143;691703;Ampurdán
17144;691703;Ampurdán
17145;691701;"Pirineo de Girona"
17146;691702;"Prelitoral de Girona"
17147;691701;"Pirineo de Girona"
17148;691702;"Prelitoral de Girona"
17149;691701;"Pirineo de Girona"
17150;691702;"Prelitoral de Girona"
17151;691703;Ampurdán
17152;691703;Ampurdán
17153;691703;Ampurdán
17154;691702;"Prelitoral de Girona"
17155;691702;"Prelitoral de Girona"
17157;691702;"Prelitoral de Girona"
17158;691703;Ampurdán
17159;691702;"Prelitoral de Girona"
17160;691704;"Litoral sur de Girona"
17161;691702;"Prelitoral de Girona"
17162;691702;"Prelitoral de Girona"
17163;691702;"Prelitoral de Girona"
17164;691702;"Prelitoral de Girona"
17165;691702;"Prelitoral de Girona"
17166;691703;Ampurdán
17167;691701;"Pirineo de Girona"
17168;691703;Ampurdán
17169;691702;"Prelitoral de Girona"
17170;691701;"Pirineo de Girona"
17171;691702;"Prelitoral de Girona"
17172;691702;"Prelitoral de Girona"
17173;691703;Ampurdán
17174;691702;"Prelitoral de Girona"
17175;691703;Ampurdán
17176;691703;Ampurdán
17177;691701;"Pirineo de Girona"
17178;691703;Ampurdán
17180;691702;"Prelitoral de Girona"
17181;691704;"Litoral sur de Girona"
17182;691703;Ampurdán
17183;691702;"Prelitoral de Girona"
17184;691702;"Prelitoral de Girona"
17185;691702;"Prelitoral de Girona"
17186;691702;"Prelitoral de Girona"
17187;691704;"Litoral sur de Girona"
17188;691704;"Litoral sur de Girona"
17189;691702;"Prelitoral de Girona"
17190;691702;"Prelitoral de Girona"
17191;691704;"Litoral sur de Girona"
17192;691701;"Pirineo de Girona"
17193;691702;"Prelitoral de Girona"
17194;691702;"Prelitoral de Girona"
17195;691704;"Litoral sur de Girona"
17196;691704;"Litoral sur de Girona"
17197;691704;"Litoral sur de Girona"
17198;691704;"Litoral sur de Girona"
17199;691704;"Litoral sur de Girona"
17200;691702;"Prelitoral de Girona"
17201;691701;"Pirineo de Girona"
17202;691704;"Litoral sur de Girona"
17203;691704;"Litoral sur de Girona"
17204;691704;"Litoral sur de Girona"
17205;691704;"Litoral sur de Girona"
17206;691701;"Pirineo de Girona"
17207;691701;"Pirineo de Girona"
17208;691701;"Pirineo de Girona"
17209;691704;"Litoral sur de Girona"
17210;691704;"Litoral sur de Girona"
17211;691704;"Litoral sur de Girona"
17212;691701;"Pirineo de Girona"
17213;691702;"Prelitoral de Girona"
17214;691704;"Litoral sur de Girona"
17215;691702;"Prelitoral de Girona"
17216;691704;"Litoral sur de Girona"
17217;691704;"Litoral sur de Girona"
17218;691704;"Litoral sur de Girona"
17220;691702;"Prelitoral de Girona"
17221;691704;"Litoral sur de Girona"
17222;691704;"Litoral sur de Girona"
17223;691704;"Litoral sur de Girona"
17224;691701;"Pirineo de Girona"
17225;691704;"Litoral sur de Girona"
17226;691703;Ampurdán
17227;691703;Ampurdán
17228;691703;Ampurdán
17230;691703;Ampurdán
17232;691703;Ampurdán
17233;691702;"Prelitoral de Girona"
17234;691703;Ampurdán
17901;691703;Ampurdán
17902;691703;Ampurdán
17903;691702;"Prelitoral de Girona"
18001;611801;"Cuenca del Genil"
18002;611802;"Guadix y Baza"
18003;611801;"Cuenca del Genil"
18004;611804;"Costa granadina"
18005;611802;"Guadix y Baza"
18006;611804;"Costa granadina"
18007;611803;"Nevada y Alpujarras"
18010;611802;"Guadix y Baza"
18011;611801;"Cuenca del Genil"
18012;611801;"Cuenca del Genil"
18013;611801;"Cuenca del Genil"
18014;611801;"Cuenca del Genil"
18015;611802;"Guadix y Baza"
18016;611803;"Nevada y Alpujarras"
18017;611804;"Costa granadina"
18018;611802;"Guadix y Baza"
18020;611801;"Cuenca del Genil"
18021;611801;"Cuenca del Genil"
18022;611801;"Cuenca del Genil"
18023;611802;"Guadix y Baza"
18024;611801;"Cuenca del Genil"
18025;611802;"Guadix y Baza"
18027;611802;"Guadix y Baza"
18028;611801;"Cuenca del Genil"
18029;611802;"Guadix y Baza"
18030;611804;"Costa granadina"
18032;611804;"Costa granadina"
18033;611804;"Costa granadina"
18034;611801;"Cuenca del Genil"
18035;611804;"Costa granadina"
18036;611801;"Cuenca del Genil"
18037;611801;"Cuenca del Genil"
18038;611801;"Cuenca del Genil"
18039;611802;"Guadix y Baza"
18040;611804;"Costa granadina"
18042;611804;"Costa granadina"
18043;611804;"Costa granadina"
18044;611804;"Costa granadina"
18045;611802;"Guadix y Baza"
18046;611802;"Guadix y Baza"
18047;611801;"Cuenca del Genil"
18048;611801;"Cuenca del Genil"
18049;611802;"Guadix y Baza"
18050;611801;"Cuenca del Genil"
18051;611801;"Cuenca del Genil"
18053;611802;"Guadix y Baza"
18054;611802;"Guadix y Baza"
18056;611801;"Cuenca del Genil"
18057;611801;"Cuenca del Genil"
18059;611801;"Cuenca del Genil"
18061;611801;"Cuenca del Genil"
18062;611801;"Cuenca del Genil"
18063;611801;"Cuenca del Genil"
18064;611801;"Cuenca del Genil"
18065;611801;"Cuenca del Genil"
18066;611801;"Cuenca del Genil"
18067;611801;"Cuenca del Genil"
18068;611804;"Costa granadina"
18069;611801;"Cuenca del Genil"
18070;611801;"Cuenca del Genil"
18071;611804;"Costa granadina"
18074;611801;"Cuenca del Genil"
18076;611801;"Cuenca del Genil"
18078;611801;"Cuenca del Genil"
18082;611801;"Cuenca del Genil"
18083;611801;"Cuenca del Genil"
18084;611801;"Cuenca del Genil"
18085;611801;"Cuenca del Genil"
18086;611801;"Cuenca del Genil"
18087;611801;"Cuenca del Genil"
18088;611801;"Cuenca del Genil"
18089;611801;"Cuenca del Genil"
18093;611804;"Costa granadina"
18094;611801;"Cuenca del Genil"
18095;611801;"Cuenca del Genil"
18096;611801;"Cuenca del Genil"
18097;611801;"Cuenca del Genil"
18098;611801;"Cuenca del Genil"
18099;611801;"Cuenca del Genil"
18100;611801;"Cuenca del Genil"
18101;611801;"Cuenca del Genil"
18102;611801;"Cuenca del Genil"
18103;611804;"Costa granadina"
18105;611801;"Cuenca del Genil"
18106;611801;"Cuenca del Genil"
18107;611801;"Cuenca del Genil"
18108;611802;"Guadix y Baza"
18109;611804;"Costa granadina"
18111;611801;"Cuenca del Genil"
18112;611804;"Costa granadina"
18114;611802;"Guadix y Baza"
18115;611801;"Cuenca del Genil"
18116;611804;"Costa granadina"
18117;611802;"Guadix y Baza"
18119;611804;"Costa granadina"
18120;611804;"Costa granadina"
18121;611804;"Costa granadina"
18122;611801;"Cuenca del Genil"
18123;611802;"Guadix y Baza"
18124;611804;"Costa granadina"
18126;611801;"Cuenca del Genil"
18127;611801;"Cuenca del Genil"
18128;611802;"Guadix y Baza"
18132;611801;"Cuenca del Genil"
18133;611804;"Costa granadina"
18134;611801;"Cuenca del Genil"
18135;611801;"Cuenca del Genil"
18136;611801;"Cuenca del Genil"
18137;611801;"Cuenca del Genil"
18138;611801;"Cuenca del Genil"
18140;611804;"Costa granadina"
18141;611804;"Costa granadina"
18143;611804;"Costa granadina"
18144;611801;"Cuenca del Genil"
18145;611801;"Cuenca del Genil"
18146;611802;"Guadix y Baza"
18147;611804;"Costa granadina"
18148;611804;"Costa granadina"
18149;611801;"Cuenca del Genil"
18150;611804;"Costa granadina"
18151;611804;"Costa granadina"
18152;611802;"Guadix y Baza"
18153;611801;"Cuenca del Genil"
18154;611802;"Guadix y Baza"
18157;611801;"Cuenca del Genil"
18158;611801;"Cuenca del Genil"
18159;611801;"Cuenca del Genil"
18161;611802;"Guadix y Baza"
18162;611804;"Costa granadina"
18163;611804;"Costa granadina"
18164;611802;"Guadix y Baza"
18165;611801;"Cuenca del Genil"
18167;611802;"Guadix y Baza"
18168;611801;"Cuenca del Genil"
18170;611804;"Costa granadina"
18171;611801;"Cuenca del Genil"
18173;611804;"Costa granadina"
18174;611801;"Cuenca del Genil"
18175;611801;"Cuenca del Genil"
18176;611804;"Costa granadina"
18177;611804;"Costa granadina"
18178;611802;"Guadix y Baza"
18179;611804;"Costa granadina"
18180;611804;"Costa granadina"
18181;611804;"Costa granadina"
18182;611804;"Costa granadina"
18183;611804;"Costa granadina"
18184;611804;"Costa granadina"
18185;611801;"Cuenca del Genil"
18187;611802;"Guadix y Baza"
18188;611801;"Cuenca del Genil"
18189;611801;"Cuenca del Genil"
18192;611801;"Cuenca del Genil"
18193;611801;"Cuenca del Genil"
18194;611802;"Guadix y Baza"
18901;611804;"Costa granadina"
18902;611804;"Costa granadina"
18903;611804;"Costa granadina"
18904;611804;"Costa granadina"
18905;611801;"Cuenca del Genil"
18906;611804;"Costa granadina"
18907;611802;"Guadix y Baza"
18908;611804;"Costa granadina"
18909;611802;"Guadix y Baza"
18910;611803;"Nevada y Alpujarras"
18911;611801;"Cuenca del Genil"
18912;611802;"Guadix y Baza"
18913;611801;"Cuenca del Genil"
18914;611801;"Cuenca del Genil"
18915;611801;"Cuenca del Genil"
19001;681901;"Serranía de Guadalajara"
19002;681901;"Serranía de Guadalajara"
19003;681902;"Parameras de Molina"
19004;681903;"Alcarria de Guadalajara"
19005;681903;"Alcarria de Guadalajara"
19006;681903;"Alcarria de Guadalajara"
19007;681903;"Alcarria de Guadalajara"
19008;681901;"Serranía de Guadalajara"
19009;681903;"Alcarria de Guadalajara"
19010;681901;"Serranía de Guadalajara"
19011;681901;"Serranía de Guadalajara"
19013;681902;"Parameras de Molina"
19015;681903;"Alcarria de Guadalajara"
19016;681902;"Parameras de Molina"
19017;681901;"Serranía de Guadalajara"
19018;681903;"Alcarria de Guadalajara"
19019;681903;"Alcarria de Guadalajara"
19020;681903;"Alcarria de Guadalajara"
19021;681903;"Alcarria de Guadalajara"
19022;681903;"Alcarria de Guadalajara"
19023;681903;"Alcarria de Guadalajara"
19024;681903;"Alcarria de Guadalajara"
19027;681902;"Parameras de Molina"
19031;681901;"Serranía de Guadalajara"
19032;681901;"Serranía de Guadalajara"
19033;681901;"Serranía de Guadalajara"
19034;681902;"Parameras de Molina"
19036;681903;"Alcarria de Guadalajara"
19037;681903;"Alcarria de Guadalajara"
19038;681903;"Alcarria de Guadalajara"
19039;681903;"Alcarria de Guadalajara"
19040;681903;"Alcarria de Guadalajara"
19041;681903;"Alcarria de Guadalajara"
19042;681901;"Serranía de Guadalajara"
19043;681903;"Alcarria de Guadalajara"
19044;681901;"Serranía de Guadalajara"
19045;681903;"Alcarria de Guadalajara"
19046;681902;"Parameras de Molina"
19047;681901;"Serranía de Guadalajara"
19048;681902;"Parameras de Molina"
19049;681901;"Serranía de Guadalajara"
19050;681902;"Parameras de Molina"
19051;681902;"Parameras de Molina"
19052;681901;"Serranía de Guadalajara"
19053;681902;"Parameras de Molina"
19054;681902;"Parameras de Molina"
19055;681902;"Parameras de Molina"
19057;681901;"Serranía de Guadalajara"
19058;681902;"Parameras de Molina"
19059;681902;"Parameras de Molina"
19060;681901;"Serranía de Guadalajara"
19061;681901;"Serranía de Guadalajara"
19064;681902;"Parameras de Molina"
19065;681901;"Serranía de Guadalajara"
19066;681902;"Parameras de Molina"
19067;681901;"Serranía de Guadalajara"
19070;681902;"Parameras de Molina"
19071;681903;"Alcarria de Guadalajara"
19073;681903;"Alcarria de Guadalajara"
19074;681903;"Alcarria de Guadalajara"
19075;681903;"Alcarria de Guadalajara"
19076;681902;"Parameras de Molina"
19078;681903;"Alcarria de Guadalajara"
19079;681902;"Parameras de Molina"
19080;681903;"Alcarria de Guadalajara"
19081;681903;"Alcarria de Guadalajara"
19082;681903;"Alcarria de Guadalajara"
19086;681903;"Alcarria de Guadalajara"
19087;681901;"Serranía de Guadalajara"
19088;681903;"Alcarria de Guadalajara"
19089;681901;"Serranía de Guadalajara"
19090;681901;"Serranía de Guadalajara"
19091;681903;"Alcarria de Guadalajara"
19092;681903;"Alcarria de Guadalajara"
19095;681901;"Serranía de Guadalajara"
19096;681901;"Serranía de Guadalajara"
19097;681901;"Serranía de Guadalajara"
19098;681903;"Alcarria de Guadalajara"
19099;681901;"Serranía de Guadalajara"
19102;681903;"Alcarria de Guadalajara"
19103;681901;"Serranía de Guadalajara"
19104;681901;"Serranía de Guadalajara"
19105;681903;"Alcarria de Guadalajara"
19106;681903;"Alcarria de Guadalajara"
19107;681903;"Alcarria de Guadalajara"
19108;681903;"Alcarria de Guadalajara"
19109;681901;"Serranía de Guadalajara"
19110;681903;"Alcarria de Guadalajara"
19111;681903;"Alcarria de Guadalajara"
19112;681903;"Alcarria de Guadalajara"
19113;681903;"Alcarria de Guadalajara"
19114;681901;"Serranía de Guadalajara"
19115;681901;"Serranía de Guadalajara"
19116;681901;"Serranía de Guadalajara"
19117;681903;"Alcarria de Guadalajara"
19118;681901;"Serranía de Guadalajara"
19119;681903;"Alcarria de Guadalajara"
19120;681903;"Alcarria de Guadalajara"
19121;681903;"Alcarria de Guadalajara"
19122;681901;"Serranía de Guadalajara"
19123;681903;"Alcarria de Guadalajara"
19124;681903;"Alcarria de Guadalajara"
19125;681903;"Alcarria de Guadalajara"
19126;681903;"Alcarria de Guadalajara"
19130;681903;"Alcarria de Guadalajara"
19132;681903;"Alcarria de Guadalajara"
19133;681903;"Alcarria de Guadalajara"
19134;681901;"Serranía de Guadalajara"
19135;681901;"Serranía de Guadalajara"
19136;681901;"Serranía de Guadalajara"
19138;681903;"Alcarria de Guadalajara"
19139;681901;"Serranía de Guadalajara"
19142;681903;"Alcarria de Guadalajara"
19143;681903;"Alcarria de Guadalajara"
19145;681901;"Serranía de Guadalajara"
19146;681901;"Serranía de Guadalajara"
19147;681901;"Serranía de Guadalajara"
19148;681903;"Alcarria de Guadalajara"
19150;681903;"Alcarria de Guadalajara"
19151;681903;"Alcarria de Guadalajara"
19152;681903;"Alcarria de Guadalajara"
19153;681901;"Serranía de Guadalajara"
19154;681903;"Alcarria de Guadalajara"
19155;681903;"Alcarria de Guadalajara"
19156;681903;"Alcarria de Guadalajara"
19157;681903;"Alcarria de Guadalajara"
19159;681903;"Alcarria de Guadalajara"
19160;681903;"Alcarria de Guadalajara"
19161;681903;"Alcarria de Guadalajara"
19162;681901;"Serranía de Guadalajara"
19163;681901;"Serranía de Guadalajara"
19165;681901;"Serranía de Guadalajara"
19166;681903;"Alcarria de Guadalajara"
19167;681903;"Alcarria de Guadalajara"
19168;681901;"Serranía de Guadalajara"
19169;681903;"Alcarria de Guadalajara"
19170;681901;"Serranía de Guadalajara"
19171;681903;"Alcarria de Guadalajara"
19172;681903;"Alcarria de Guadalajara"
19173;681903;"Alcarria de Guadalajara"
19174;681903;"Alcarria de Guadalajara"
19175;681901;"Serranía de Guadalajara"
19176;681903;"Alcarria de Guadalajara"
19177;681903;"Alcarria de Guadalajara"
19178;681901;"Serranía de Guadalajara"
19179;681903;"Alcarria de Guadalajara"
19181;681901;"Serranía de Guadalajara"
19182;681903;"Alcarria de Guadalajara"
19183;681901;"Serranía de Guadalajara"
19184;681903;"Alcarria de Guadalajara"
19185;681901;"Serranía de Guadalajara"
19186;681903;"Alcarria de Guadalajara"
19187;681903;"Alcarria de Guadalajara"
19188;681901;"Serranía de Guadalajara"
19189;681903;"Alcarria de Guadalajara"
19190;681901;"Serranía de Guadalajara"
19191;681903;"Alcarria de Guadalajara"
19192;681903;"Alcarria de Guadalajara"
19193;681903;"Alcarria de Guadalajara"
19194;681903;"Alcarria de Guadalajara"
19195;681901;"Serranía de Guadalajara"
19196;681903;"Alcarria de Guadalajara"
19197;681901;"Serranía de Guadalajara"
19198;681901;"Serranía de Guadalajara"
19199;681903;"Alcarria de Guadalajara"
19200;681903;"Alcarria de Guadalajara"
19201;681901;"Serranía de Guadalajara"
19202;681901;"Serranía de Guadalajara"
19203;681901;"Serranía de Guadalajara"
19204;681901;"Serranía de Guadalajara"
19208;681901;"Serranía de Guadalajara"
19209;681901;"Serranía de Guadalajara"
19210;681901;"Serranía de Guadalajara"
19211;681903;"Alcarria de Guadalajara"
19212;681903;"Alcarria de Guadalajara"
19213;681901;"Serranía de Guadalajara"
19214;681903;"Alcarria de Guadalajara"
19215;681903;"Alcarria de Guadalajara"
19216;681901;"Serranía de Guadalajara"
19217;681903;"Alcarria de Guadalajara"
19218;681901;"Serranía de Guadalajara"
19219;681901;"Serranía de Guadalajara"
19220;681903;"Alcarria de Guadalajara"
19221;681901;"Serranía de Guadalajara"
19222;681901;"Serranía de Guadalajara"
19223;681903;"Alcarria de Guadalajara"
19224;681903;"Alcarria de Guadalajara"
19225;681903;"Alcarria de Guadalajara"
19226;681901;"Serranía de Guadalajara"
19227;681902;"Parameras de Molina"
19228;681903;"Alcarria de Guadalajara"
19229;681903;"Alcarria de Guadalajara"
19230;681903;"Alcarria de Guadalajara"
19231;681901;"Serranía de Guadalajara"
19232;681903;"Alcarria de Guadalajara"
19233;681903;"Alcarria de Guadalajara"
19234;681901;"Serranía de Guadalajara"
19235;681901;"Serranía de Guadalajara"
19237;681902;"Parameras de Molina"
19238;681901;"Serranía de Guadalajara"
19239;681903;"Alcarria de Guadalajara"
19240;681901;"Serranía de Guadalajara"
19241;681901;"Serranía de Guadalajara"
19242;681903;"Alcarria de Guadalajara"
19243;681902;"Parameras de Molina"
19244;681903;"Alcarria de Guadalajara"
19245;681903;"Alcarria de Guadalajara"
19246;681901;"Serranía de Guadalajara"
19247;681903;"Alcarria de Guadalajara"
19248;681903;"Alcarria de Guadalajara"
19249;681903;"Alcarria de Guadalajara"
19250;681901;"Serranía de Guadalajara"
19251;681901;"Serranía de Guadalajara"
19252;681903;"Alcarria de Guadalajara"
19254;681901;"Serranía de Guadalajara"
19255;681902;"Parameras de Molina"
19256;681901;"Serranía de Guadalajara"
19257;681901;"Serranía de Guadalajara"
19258;681903;"Alcarria de Guadalajara"
19259;681901;"Serranía de Guadalajara"
19260;681901;"Serranía de Guadalajara"
19261;681901;"Serranía de Guadalajara"
19262;681901;"Serranía de Guadalajara"
19263;681903;"Alcarria de Guadalajara"
19264;681902;"Parameras de Molina"
19265;681902;"Parameras de Molina"
19266;681903;"Alcarria de Guadalajara"
19267;681902;"Parameras de Molina"
19268;681902;"Parameras de Molina"
19269;681903;"Alcarria de Guadalajara"
19270;681901;"Serranía de Guadalajara"
19271;681902;"Parameras de Molina"
19272;681902;"Parameras de Molina"
19274;681903;"Alcarria de Guadalajara"
19277;681902;"Parameras de Molina"
19278;681901;"Serranía de Guadalajara"
19279;681903;"Alcarria de Guadalajara"
19280;681903;"Alcarria de Guadalajara"
19281;681903;"Alcarria de Guadalajara"
19282;681901;"Serranía de Guadalajara"
19283;681902;"Parameras de Molina"
19284;681902;"Parameras de Molina"
19285;681902;"Parameras de Molina"
19286;681903;"Alcarria de Guadalajara"
19287;681902;"Parameras de Molina"
19288;681901;"Serranía de Guadalajara"
19289;681902;"Parameras de Molina"
19290;681903;"Alcarria de Guadalajara"
19291;681903;"Alcarria de Guadalajara"
19293;681903;"Alcarria de Guadalajara"
19294;681901;"Serranía de Guadalajara"
19296;681903;"Alcarria de Guadalajara"
19297;681903;"Alcarria de Guadalajara"
19298;681903;"Alcarria de Guadalajara"
19299;681903;"Alcarria de Guadalajara"
19300;681903;"Alcarria de Guadalajara"
19301;681903;"Alcarria de Guadalajara"
19302;681903;"Alcarria de Guadalajara"
19303;681901;"Serranía de Guadalajara"
19304;681903;"Alcarria de Guadalajara"
19305;681901;"Serranía de Guadalajara"
19306;681903;"Alcarria de Guadalajara"
19307;681901;"Serranía de Guadalajara"
19308;681903;"Alcarria de Guadalajara"
19309;681902;"Parameras de Molina"
19310;681903;"Alcarria de Guadalajara"
19311;681901;"Serranía de Guadalajara"
19314;681901;"Serranía de Guadalajara"
19317;681903;"Alcarria de Guadalajara"
19318;681903;"Alcarria de Guadalajara"
19319;681903;"Alcarria de Guadalajara"
19321;681901;"Serranía de Guadalajara"
19322;681903;"Alcarria de Guadalajara"
19323;681903;"Alcarria de Guadalajara"
19324;681902;"Parameras de Molina"
19325;681903;"Alcarria de Guadalajara"
19326;681903;"Alcarria de Guadalajara"
19327;681903;"Alcarria de Guadalajara"
19329;681903;"Alcarria de Guadalajara"
19330;681903;"Alcarria de Guadalajara"
19331;681903;"Alcarria de Guadalajara"
19332;681902;"Parameras de Molina"
19333;681903;"Alcarria de Guadalajara"
19334;681901;"Serranía de Guadalajara"
19335;681903;"Alcarria de Guadalajara"
19901;681901;"Serranía de Guadalajara"
20001;752002;"Gipuzkoa interior"
20002;752001;"Gipuzkoa litoral"
20003;752001;"Gipuzkoa litoral"
20004;752001;"Gipuzkoa litoral"
20005;752001;"Gipuzkoa litoral"
20006;752001;"Gipuzkoa litoral"
20007;752001;"Gipuzkoa litoral"
20008;752001;"Gipuzkoa litoral"
20009;752001;"Gipuzkoa litoral"
20010;752001;"Gipuzkoa litoral"
20011;752001;"Gipuzkoa litoral"
20012;752001;"Gipuzkoa litoral"
20013;752001;"Gipuzkoa litoral"
20014;752001;"Gipuzkoa litoral"
20015;752001;"Gipuzkoa litoral"
20016;752001;"Gipuzkoa litoral"
20017;752001;"Gipuzkoa litoral"
20018;752001;"Gipuzkoa litoral"
20019;752001;"Gipuzkoa litoral"
20020;752001;"Gipuzkoa litoral"
20021;752001;"Gipuzkoa litoral"
20022;752001;"Gipuzkoa litoral"
20023;752001;"Gipuzkoa litoral"
20024;752001;"Gipuzkoa litoral"
20025;752001;"Gipuzkoa litoral"
20026;752001;"Gipuzkoa litoral"
20027;752001;"Gipuzkoa litoral"
20028;752001;"Gipuzkoa litoral"
20029;752001;"Gipuzkoa litoral"
20030;752001;"Gipuzkoa litoral"
20031;752001;"Gipuzkoa litoral"
20032;752001;"Gipuzkoa litoral"
20033;752001;"Gipuzkoa litoral"
20034;752001;"Gipuzkoa litoral"
20035;752001;"Gipuzkoa litoral"
20036;752001;"Gipuzkoa litoral"
20037;752001;"Gipuzkoa litoral"
20038;752001;"Gipuzkoa litoral"
20039;752001;"Gipuzkoa litoral"
20040;752001;"Gipuzkoa litoral"
20041;752001;"Gipuzkoa litoral"
20042;752001;"Gipuzkoa litoral"
20043;752001;"Gipuzkoa litoral"
20044;752001;"Gipuzkoa litoral"
20045;752001;"Gipuzkoa litoral"
20046;752001;"Gipuzkoa litoral"
20047;752001;"Gipuzkoa litoral"
20048;752001;"Gipuzkoa litoral"
20049;752001;"Gipuzkoa litoral"
20050;752001;"Gipuzkoa litoral"
20051;752001;"Gipuzkoa litoral"
20052;752001;"Gipuzkoa litoral"
20053;752001;"Gipuzkoa litoral"
20054;752001;"Gipuzkoa litoral"
20055;752001;"Gipuzkoa litoral"
20056;752001;"Gipuzkoa litoral"
20057;752001;"Gipuzkoa litoral"
20058;752001;"Gipuzkoa litoral"
20059;752001;"Gipuzkoa litoral"
20060;752001;"Gipuzkoa litoral"
20061;752001;"Gipuzkoa litoral"
20062;752001;"Gipuzkoa litoral"
20063;752001;"Gipuzkoa litoral"
20064;752001;"Gipuzkoa litoral"
20065;752001;"Gipuzkoa litoral"
20066;752001;"Gipuzkoa litoral"
20067;752001;"Gipuzkoa litoral"
20068;752001;"Gipuzkoa litoral"
20069;752001;"Gipuzkoa litoral"
20070;752001;"Gipuzkoa litoral"
20071;752001;"Gipuzkoa litoral"
20072;752001;"Gipuzkoa litoral"
20073;752001;"Gipuzkoa litoral"
20074;752001;"Gipuzkoa litoral"
20075;752001;"Gipuzkoa litoral"
20076;752001;"Gipuzkoa litoral"
20077;752001;"Gipuzkoa litoral"
20078;752001;"Gipuzkoa litoral"
20079;752001;"Gipuzkoa litoral"
20080;752001;"Gipuzkoa litoral"
20081;752001;"Gipuzkoa litoral"
20901;752001;"Gipuzkoa litoral"
20902;752001;"Gipuzkoa litoral"
20903;752001;"Gipuzkoa litoral"
20904;752001;"Gipuzkoa litoral"
20905;752001;"Gipuzkoa litoral"
20906;752001;"Gipuzkoa litoral"
20907;752001;"Gipuzkoa litoral"
21001;612101;Aracena
21002;612103;"Litoral de Huelva"
21003;612102;"Andévalo y Condado"
21004;612101;Aracena
21005;612103;"Litoral de Huelva"
21006;612102;"Andévalo y Condado"
21007;612101;Aracena
21008;612101;Aracena
21009;612101;Aracena
21010;612103;"Litoral de Huelva"
21011;612102;"Andévalo y Condado"
21012;612101;Aracena
21013;612102;"Andévalo y Condado"
21014;612102;"Andévalo y Condado"
21015;612102;"Andévalo y Condado"
21016;612102;"Andévalo y Condado"
21017;612102;"Andévalo y Condado"
21018;612102;"Andévalo y Condado"
21019;612102;"Andévalo y Condado"
21020;612102;"Andévalo y Condado"
21021;612103;"Litoral de Huelva"
21022;612102;"Andévalo y Condado"
21023;612102;"Andévalo y Condado"
21024;612102;"Andévalo y Condado"
21025;612102;"Andévalo y Condado"
21026;612102;"Andévalo y Condado"
21027;612102;"Andévalo y Condado"
21028;612102;"Andévalo y Condado"
21029;612102;"Andévalo y Condado"
21030;612102;"Andévalo y Condado"
21031;612102;"Andévalo y Condado"
21032;612102;"Andévalo y Condado"
21033;612102;"Andévalo y Condado"
21034;612102;"Andévalo y Condado"
21035;612102;"Andévalo y Condado"
21036;612102;"Andévalo y Condado"
21037;612102;"Andévalo y Condado"
21038;612102;"Andévalo y Condado"
21039;612102;"Andévalo y Condado"
21040;612102;"Andévalo y Condado"
21041;612103;"Litoral de Huelva"
21042;612103;"Litoral de Huelva"
21043;612102;"Andévalo y Condado"
21044;612103;"Litoral de Huelva"
21045;612102;"Andévalo y Condado"
21046;612103;"Litoral de Huelva"
21047;612102;"Andévalo y Condado"
21048;612102;"Andévalo y Condado"
21049;612102;"Andévalo y Condado"
21050;612103;"Litoral de Huelva"
21053;612102;"Andévalo y Condado"
21054;612102;"Andévalo y Condado"
21055;612103;"Litoral de Huelva"
21056;612102;"Andévalo y Condado"
21057;612102;"Andévalo y Condado"
21058;612102;"Andévalo y Condado"
21059;612101;Aracena
21060;612103;"Litoral de Huelva"
21061;612102;"Andévalo y Condado"
21062;612101;Aracena
21063;612102;"Andévalo y Condado"
21064;612102;"Andévalo y Condado"
21065;612102;"Andévalo y Condado"
21066;612102;"Andévalo y Condado"
21067;612101;Aracena
21068;612102;"Andévalo y Condado"
21069;612101;Aracena
21070;612102;"Andévalo y Condado"
21071;612101;Aracena
21072;612102;"Andévalo y Condado"
21073;612103;"Litoral de Huelva"
21074;612102;"Andévalo y Condado"
21075;612102;"Andévalo y Condado"
21076;612102;"Andévalo y Condado"
21077;612102;"Andévalo y Condado"
21078;612101;Aracena
21079;612101;Aracena
22001;622202;"Centro de Huesca"
22002;622201;"Pirineo oscense"
22003;622202;"Centro de Huesca"
22004;622202;"Centro de Huesca"
22006;622201;"Pirineo oscense"
22007;622203;"Sur de Huesca"
22008;622203;"Sur de Huesca"
22009;622203;"Sur de Huesca"
22011;622202;"Centro de Huesca"
22012;622202;"Centro de Huesca"
22013;622203;"Sur de Huesca"
22014;622202;"Centro de Huesca"
22015;622202;"Centro de Huesca"
22016;622203;"Sur de Huesca"
22017;622203;"Sur de Huesca"
22018;622203;"Sur de Huesca"
22019;622202;"Centro de Huesca"
22020;622203;"Sur de Huesca"
22021;622202;"Centro de Huesca"
22022;622203;"Sur de Huesca"
22023;622203;"Sur de Huesca"
22024;622202;"Centro de Huesca"
22025;622203;"Sur de Huesca"
22027;622202;"Centro de Huesca"
22028;622201;"Pirineo oscense"
22029;622202;"Centro de Huesca"
22032;622201;"Pirineo oscense"
22035;622201;"Pirineo oscense"
22036;622202;"Centro de Huesca"
22037;622202;"Centro de Huesca"
22039;622201;"Pirineo oscense"
22040;622203;"Sur de Huesca"
22041;622201;"Pirineo oscense"
22042;622201;"Pirineo oscense"
22043;622203;"Sur de Huesca"
22044;622201;"Pirineo oscense"
22045;622203;"Sur de Huesca"
22046;622203;"Sur de Huesca"
22047;622201;"Pirineo oscense"
22048;622201;"Pirineo oscense"
22049;622203;"Sur de Huesca"
22050;622201;"Pirineo oscense"
22051;622201;"Pirineo oscense"
22052;622203;"Sur de Huesca"
22053;622201;"Pirineo oscense"
22054;622201;"Pirineo oscense"
22055;622201;"Pirineo oscense"
22057;622201;"Pirineo oscense"
22058;622201;"Pirineo oscense"
22059;622201;"Pirineo oscense"
22060;622203;"Sur de Huesca"
22061;622203;"Sur de Huesca"
22062;622201;"Pirineo oscense"
22063;622201;"Pirineo oscense"
22064;622201;"Pirineo oscense"
22066;622201;"Pirineo oscense"
22067;622201;"Pirineo oscense"
22068;622201;"Pirineo oscense"
22069;622201;"Pirineo oscense"
22072;622201;"Pirineo oscense"
22074;622201;"Pirineo oscense"
22075;622203;"Sur de Huesca"
22076;622201;"Pirineo oscense"
22077;622203;"Sur de Huesca"
22078;622201;"Pirineo oscense"
22079;622203;"Sur de Huesca"
22080;622201;"Pirineo oscense"
22081;622201;"Pirineo oscense"
22082;622201;"Pirineo oscense"
22083;622203;"Sur de Huesca"
22084;622201;"Pirineo oscense"
22085;622203;"Sur de Huesca"
22086;622201;"Pirineo oscense"
22087;622201;"Pirineo oscense"
22088;622201;"Pirineo oscense"
22089;622203;"Sur de Huesca"
22090;622201;"Pirineo oscense"
22094;622203;"Sur de Huesca"
22095;622201;"Pirineo oscense"
22096;622201;"Pirineo oscense"
22099;622203;"Sur de Huesca"
22102;622201;"Pirineo oscense"
22103;622202;"Centro de Huesca"
22105;622201;"Pirineo oscense"
22106;622201;"Pirineo oscense"
22107;622201;"Pirineo oscense"
22109;622201;"Pirineo oscense"
22110;622203;"Sur de Huesca"
22111;622201;"Pirineo oscense"
22112;622203;"Sur de Huesca"
22113;622201;"Pirineo oscense"
22114;622201;"Pirineo oscense"
22115;622202;"Centro de Huesca"
22116;622203;"Sur de Huesca"
22117;622201;"Pirineo oscense"
22119;622202;"Centro de Huesca"
22122;622201;"Pirineo oscense"
22124;622202;"Centro de Huesca"
22125;622202;"Centro de Huesca"
22126;622202;"Centro de Huesca"
22127;622202;"Centro de Huesca"
22128;622202;"Centro de Huesca"
22129;622201;"Pirineo oscense"
22130;622201;"Pirineo oscense"
22131;622201;"Pirineo oscense"
22133;622201;"Pirineo oscense"
22135;622202;"Centro de Huesca"
22136;622203;"Sur de Huesca"
22137;622203;"Sur de Huesca"
22139;622202;"Centro de Huesca"
22141;622202;"Centro de Huesca"
22142;622201;"Pirineo oscense"
22143;622201;"Pirineo oscense"
22144;622201;"Pirineo oscense"
22149;622202;"Centro de Huesca"
22150;622202;"Centro de Huesca"
22151;622202;"Centro de Huesca"
22155;622201;"Pirineo oscense"
22156;622202;"Centro de Huesca"
22157;622201;"Pirineo oscense"
22158;622203;"Sur de Huesca"
22160;622202;"Centro de Huesca"
22162;622202;"Centro de Huesca"
22163;622202;"Centro de Huesca"
22164;622203;"Sur de Huesca"
22165;622203;"Sur de Huesca"
22167;622203;"Sur de Huesca"
22168;622201;"Pirineo oscense"
22170;622201;"Pirineo oscense"
22172;622203;"Sur de Huesca"
22173;622203;"Sur de Huesca"
22174;622203;"Sur de Huesca"
22175;622203;"Sur de Huesca"
22176;622203;"Sur de Huesca"
22177;622201;"Pirineo oscense"
22178;622203;"Sur de Huesca"
22181;622203;"Sur de Huesca"
22182;622201;"Pirineo oscense"
22184;622203;"Sur de Huesca"
22186;622203;"Sur de Huesca"
22187;622203;"Sur de Huesca"
22188;622201;"Pirineo oscense"
22189;622201;"Pirineo oscense"
22190;622201;"Pirineo oscense"
22193;622203;"Sur de Huesca"
22195;622203;"Sur de Huesca"
22197;622203;"Sur de Huesca"
22199;622201;"Pirineo oscense"
22200;622201;"Pirineo oscense"
22201;622203;"Sur de Huesca"
22202;622203;"Sur de Huesca"
22203;622203;"Sur de Huesca"
22204;622201;"Pirineo oscense"
22205;622203;"Sur de Huesca"
22206;622203;"Sur de Huesca"
22207;622201;"Pirineo oscense"
22208;622201;"Pirineo oscense"
22209;622201;"Pirineo oscense"
22212;622201;"Pirineo oscense"
22213;622203;"Sur de Huesca"
22214;622203;"Sur de Huesca"
22215;622201;"Pirineo oscense"
22217;622203;"Sur de Huesca"
22218;622203;"Sur de Huesca"
22220;622203;"Sur de Huesca"
22221;622201;"Pirineo oscense"
22222;622203;"Sur de Huesca"
22223;622201;"Pirineo oscense"
22225;622203;"Sur de Huesca"
22226;622203;"Sur de Huesca"
22227;622201;"Pirineo oscense"
22228;622203;"Sur de Huesca"
22229;622201;"Pirineo oscense"
22230;622201;"Pirineo oscense"
22232;622203;"Sur de Huesca"
22233;622201;"Pirineo oscense"
22234;622203;"Sur de Huesca"
22235;622203;"Sur de Huesca"
22236;622203;"Sur de Huesca"
22239;622203;"Sur de Huesca"
22242;622203;"Sur de Huesca"
22243;622201;"Pirineo oscense"
22244;622201;"Pirineo oscense"
22245;622203;"Sur de Huesca"
22246;622201;"Pirineo oscense"
22247;622201;"Pirineo oscense"
22248;622203;"Sur de Huesca"
22249;622201;"Pirineo oscense"
22250;622201;"Pirineo oscense"
22251;622203;"Sur de Huesca"
22252;622201;"Pirineo oscense"
22253;622201;"Pirineo oscense"
22254;622203;"Sur de Huesca"
22901;622201;"Pirineo oscense"
22902;622201;"Pirineo oscense"
22903;622203;"Sur de Huesca"
22904;622203;"Sur de Huesca"
22905;622203;"Sur de Huesca"
22906;622203;"Sur de Huesca"
22907;622201;"Pirineo oscense"
22908;622203;"Sur de Huesca"
22909;622203;"Sur de Huesca"
23001;612304;"Capital y Montes de Jaén"
23002;612304;"Capital y Montes de Jaén"
23003;612302;"Cazorla y Segura"
23004;612301;"Morena y Condado"
23005;612301;"Morena y Condado"
23006;612302;"Cazorla y Segura"
23007;612302;"Cazorla y Segura"
23008;612301;"Morena y Condado"
23009;612302;"Cazorla y Segura"
23010;612301;"Morena y Condado"
23011;612301;"Morena y Condado"
23012;612302;"Cazorla y Segura"
23014;612302;"Cazorla y Segura"
23015;612304;"Capital y Montes de Jaén"
23016;612302;"Cazorla y Segura"
23017;612304;"Capital y Montes de Jaén"
23018;612304;"Capital y Montes de Jaén"
23019;612304;"Capital y Montes de Jaén"
23020;612302;"Cazorla y Segura"
23021;612301;"Morena y Condado"
23024;612301;"Morena y Condado"
23025;612301;"Morena y Condado"
23026;612304;"Capital y Montes de Jaén"
23027;612302;"Cazorla y Segura"
23028;612302;"Cazorla y Segura"
23029;612301;"Morena y Condado"
23030;612302;"Cazorla y Segura"
23031;612302;"Cazorla y Segura"
23032;612302;"Cazorla y Segura"
23033;612304;"Capital y Montes de Jaén"
23034;612304;"Capital y Montes de Jaén"
23035;612302;"Cazorla y Segura"
23037;612302;"Cazorla y Segura"
23038;612304;"Capital y Montes de Jaén"
23039;612301;"Morena y Condado"
23040;612304;"Capital y Montes de Jaén"
23041;612304;"Capital y Montes de Jaén"
23042;612302;"Cazorla y Segura"
23044;612304;"Capital y Montes de Jaén"
23046;612304;"Capital y Montes de Jaén"
23047;612301;"Morena y Condado"
23048;612301;"Morena y Condado"
23049;612304;"Capital y Montes de Jaén"
23050;612304;"Capital y Montes de Jaén"
23051;612304;"Capital y Montes de Jaén"
23052;612304;"Capital y Montes de Jaén"
23053;612304;"Capital y Montes de Jaén"
23054;612301;"Morena y Condado"
23055;612301;"Morena y Condado"
23056;612304;"Capital y Montes de Jaén"
23057;612304;"Capital y Montes de Jaén"
23058;612304;"Capital y Montes de Jaén"
23059;612304;"Capital y Montes de Jaén"
23060;612304;"Capital y Montes de Jaén"
23061;612304;"Capital y Montes de Jaén"
23062;612301;"Morena y Condado"
23063;612301;"Morena y Condado"
23064;612304;"Capital y Montes de Jaén"
23065;612301;"Morena y Condado"
23066;612301;"Morena y Condado"
23067;612304;"Capital y Montes de Jaén"
23069;612304;"Capital y Montes de Jaén"
23070;612301;"Morena y Condado"
23071;612301;"Morena y Condado"
23072;612301;"Morena y Condado"
23073;612301;"Morena y Condado"
23074;612304;"Capital y Montes de Jaén"
23075;612304;"Capital y Montes de Jaén"
23076;612301;"Morena y Condado"
23077;612304;"Capital y Montes de Jaén"
23079;612301;"Morena y Condado"
23080;612301;"Morena y Condado"
23081;612301;"Morena y Condado"
23082;612301;"Morena y Condado"
23084;612301;"Morena y Condado"
23085;612304;"Capital y Montes de Jaén"
23086;612304;"Capital y Montes de Jaén"
23087;612304;"Capital y Montes de Jaén"
23088;612304;"Capital y Montes de Jaén"
23090;612304;"Capital y Montes de Jaén"
23091;612301;"Morena y Condado"
23092;612304;"Capital y Montes de Jaén"
23093;612304;"Capital y Montes de Jaén"
23094;612301;"Morena y Condado"
23095;612301;"Morena y Condado"
23096;612301;"Morena y Condado"
23097;612301;"Morena y Condado"
23098;612304;"Capital y Montes de Jaén"
23099;612304;"Capital y Montes de Jaén"
23101;612301;"Morena y Condado"
23901;612304;"Capital y Montes de Jaén"
23902;612304;"Capital y Montes de Jaén"
23903;612304;"Capital y Montes de Jaén"
23904;612301;"Morena y Condado"
23905;612301;"Morena y Condado"
24001;672401;"Cordillera Cantábrica de León"
24002;672403;"Meseta de León"
24003;672403;"Meseta de León"
24004;672401;"Cordillera Cantábrica de León"
24005;672403;"Meseta de León"
24006;672403;"Meseta de León"
24007;672403;"Meseta de León"
24008;672403;"Meseta de León"
24009;672403;"Meseta de León"
24010;672403;"Meseta de León"
24011;672403;"Meseta de León"
24012;672401;"Cordillera Cantábrica de León"
24014;672403;"Meseta de León"
24015;672403;"Meseta de León"
24016;672401;"Cordillera Cantábrica de León"
24017;672403;"Meseta de León"
24018;672403;"Meseta de León"
24019;672403;"Meseta de León"
24020;672401;"Cordillera Cantábrica de León"
24021;672401;"Cordillera Cantábrica de León"
24022;672403;"Meseta de León"
24023;672401;"Cordillera Cantábrica de León"
24024;672403;"Meseta de León"
24025;672401;"Cordillera Cantábrica de León"
24026;672403;"Meseta de León"
24027;672403;"Meseta de León"
24028;672403;"Meseta de León"
24029;672401;"Cordillera Cantábrica de León"
24030;672403;"Meseta de León"
24031;672403;"Meseta de León"
24032;672403;"Meseta de León"
24033;672403;"Meseta de León"
24034;672403;"Meseta de León"
24036;672401;"Cordillera Cantábrica de León"
24037;672401;"Cordillera Cantábrica de León"
24038;672403;"Meseta de León"
24039;672403;"Meseta de León"
24040;672401;"Cordillera Cantábrica de León"
24041;672403;"Meseta de León"
24042;672403;"Meseta de León"
24043;672401;"Cordillera Cantábrica de León"
24044;672403;"Meseta de León"
24046;672403;"Meseta de León"
24047;672403;"Meseta de León"
24049;672403;"Meseta de León"
24050;672403;"Meseta de León"
24051;672403;"Meseta de León"
24052;672401;"Cordillera Cantábrica de León"
24053;672403;"Meseta de León"
24054;672403;"Meseta de León"
24055;672403;"Meseta de León"
24056;672401;"Cordillera Cantábrica de León"
24057;672403;"Meseta de León"
24058;672403;"Meseta de León"
24059;672403;"Meseta de León"
24060;672401;"Cordillera Cantábrica de León"
24061;672401;"Cordillera Cantábrica de León"
24062;672403;"Meseta de León"
24063;672401;"Cordillera Cantábrica de León"
24064;672403;"Meseta de León"
24065;672403;"Meseta de León"
24066;672403;"Meseta de León"
24067;672401;"Cordillera Cantábrica de León"
24068;672401;"Cordillera Cantábrica de León"
24069;672403;"Meseta de León"
24070;672403;"Meseta de León"
24071;672403;"Meseta de León"
24073;672403;"Meseta de León"
24074;672403;"Meseta de León"
24076;672401;"Cordillera Cantábrica de León"
24077;672403;"Meseta de León"
24078;672403;"Meseta de León"
24079;672401;"Cordillera Cantábrica de León"
24080;672403;"Meseta de León"
24081;672403;"Meseta de León"
24082;672403;"Meseta de León"
24083;672401;"Cordillera Cantábrica de León"
24084;672403;"Meseta de León"
24086;672403;"Meseta de León"
24087;672403;"Meseta de León"
24088;672403;"Meseta de León"
24089;672403;"Meseta de León"
24090;672401;"Cordillera Cantábrica de León"
24091;672401;"Cordillera Cantábrica de León"
24092;672403;"Meseta de León"
24093;672403;"Meseta de León"
24094;672403;"Meseta de León"
24095;672403;"Meseta de León"
24096;672401;"Cordillera Cantábrica de León"
24097;672403;"Meseta de León"
24098;672401;"Cordillera Cantábrica de León"
24099;672403;"Meseta de León"
24102;672403;"Meseta de León"
24103;672403;"Meseta de León"
24104;672401;"Cordillera Cantábrica de León"
24105;672403;"Meseta de León"
24106;672401;"Cordillera Cantábrica de León"
24107;672403;"Meseta de León"
24108;672403;"Meseta de León"
24109;672401;"Cordillera Cantábrica de León"
24110;672401;"Cordillera Cantábrica de León"
24112;672401;"Cordillera Cantábrica de León"
24113;672403;"Meseta de León"
24114;672401;"Cordillera Cantábrica de León"
24115;672403;"Meseta de León"
24116;672401;"Cordillera Cantábrica de León"
24117;672403;"Meseta de León"
24118;672401;"Cordillera Cantábrica de León"
24119;672403;"Meseta de León"
24120;672401;"Cordillera Cantábrica de León"
24121;672401;"Cordillera Cantábrica de León"
24122;672403;"Meseta de León"
24123;672401;"Cordillera Cantábrica de León"
24124;672403;"Meseta de León"
24125;672403;"Meseta de León"
24127;672403;"Meseta de León"
24129;672401;"Cordillera Cantábrica de León"
24130;672401;"Cordillera Cantábrica de León"
24131;672403;"Meseta de León"
24132;672401;"Cordillera Cantábrica de León"
24133;672401;"Cordillera Cantábrica de León"
24134;672401;"Cordillera Cantábrica de León"
24136;672403;"Meseta de León"
24137;672401;"Cordillera Cantábrica de León"
24139;672403;"Meseta de León"
24141;672403;"Meseta de León"
24142;672403;"Meseta de León"
24143;672403;"Meseta de León"
24144;672403;"Meseta de León"
24145;672401;"Cordillera Cantábrica de León"
24146;672403;"Meseta de León"
24148;672403;"Meseta de León"
24149;672403;"Meseta de León"
24150;672403;"Meseta de León"
24151;672401;"Cordillera Cantábrica de León"
24152;672401;"Cordillera Cantábrica de León"
24153;672403;"Meseta de León"
24154;672403;"Meseta de León"
24155;672403;"Meseta de León"
24156;672403;"Meseta de León"
24157;672403;"Meseta de León"
24158;672401;"Cordillera Cantábrica de León"
24159;672403;"Meseta de León"
24160;672403;"Meseta de León"
24161;672403;"Meseta de León"
24162;672403;"Meseta de León"
24163;672403;"Meseta de León"
24164;672401;"Cordillera Cantábrica de León"
24165;672403;"Meseta de León"
24166;672403;"Meseta de León"
24167;672401;"Cordillera Cantábrica de León"
24168;672403;"Meseta de León"
24169;672403;"Meseta de León"
24170;672401;"Cordillera Cantábrica de León"
24171;672401;"Cordillera Cantábrica de León"
24172;672401;"Cordillera Cantábrica de León"
24173;672403;"Meseta de León"
24174;672403;"Meseta de León"
24175;672403;"Meseta de León"
24176;672403;"Meseta de León"
24177;672401;"Cordillera Cantábrica de León"
24178;672403;"Meseta de León"
24179;672401;"Cordillera Cantábrica de León"
24180;672403;"Meseta de León"
24181;672403;"Meseta de León"
24182;672403;"Meseta de León"
24183;672401;"Cordillera Cantábrica de León"
24184;672401;"Cordillera Cantábrica de León"
24185;672403;"Meseta de León"
24187;672403;"Meseta de León"
24188;672403;"Meseta de León"
24189;672403;"Meseta de León"
24190;672403;"Meseta de León"
24191;672403;"Meseta de León"
24193;672401;"Cordillera Cantábrica de León"
24194;672401;"Cordillera Cantábrica de León"
24196;672401;"Cordillera Cantábrica de León"
24197;672403;"Meseta de León"
24198;672401;"Cordillera Cantábrica de León"
24199;672401;"Cordillera Cantábrica de León"
24201;672403;"Meseta de León"
24202;672401;"Cordillera Cantábrica de León"
24203;672403;"Meseta de León"
24205;672403;"Meseta de León"
24206;672401;"Cordillera Cantábrica de León"
24207;672403;"Meseta de León"
24209;672401;"Cordillera Cantábrica de León"
24210;672401;"Cordillera Cantábrica de León"
24211;672403;"Meseta de León"
24212;672403;"Meseta de León"
24213;672403;"Meseta de León"
24214;672403;"Meseta de León"
24215;672403;"Meseta de León"
24216;672403;"Meseta de León"
24217;672403;"Meseta de León"
24218;672403;"Meseta de León"
24219;672403;"Meseta de León"
24221;672403;"Meseta de León"
24222;672403;"Meseta de León"
24223;672403;"Meseta de León"
24224;672403;"Meseta de León"
24225;672403;"Meseta de León"
24226;672403;"Meseta de León"
24227;672403;"Meseta de León"
24228;672403;"Meseta de León"
24229;672403;"Meseta de León"
24230;672403;"Meseta de León"
24901;672401;"Cordillera Cantábrica de León"
24902;672403;"Meseta de León"
25001;692502;"Pirineo de Lleida"
25002;692503;"Depresión central de Lleida"
25003;692503;"Depresión central de Lleida"
25004;692503;"Depresión central de Lleida"
25005;692502;"Pirineo de Lleida"
25006;692503;"Depresión central de Lleida"
25007;692503;"Depresión central de Lleida"
25008;692503;"Depresión central de Lleida"
25009;692503;"Depresión central de Lleida"
25010;692503;"Depresión central de Lleida"
25011;692503;"Depresión central de Lleida"
25012;692503;"Depresión central de Lleida"
25013;692503;"Depresión central de Lleida"
25014;692503;"Depresión central de Lleida"
25015;692503;"Depresión central de Lleida"
25016;692503;"Depresión central de Lleida"
25017;692502;"Pirineo de Lleida"
25019;692503;"Depresión central de Lleida"
25020;692502;"Pirineo de Lleida"
25021;692502;"Pirineo de Lleida"
25022;692502;"Pirineo de Lleida"
25023;692502;"Pirineo de Lleida"
25024;692502;"Pirineo de Lleida"
25025;692501;"Valle de Arán"
25027;692502;"Pirineo de Lleida"
25029;692502;"Pirineo de Lleida"
25030;692502;"Pirineo de Lleida"
25031;692501;"Valle de Arán"
25032;692502;"Pirineo de Lleida"
25033;692502;"Pirineo de Lleida"
25034;692502;"Pirineo de Lleida"
25035;692502;"Pirineo de Lleida"
25036;692502;"Pirineo de Lleida"
25037;692502;"Pirineo de Lleida"
25038;692502;"Pirineo de Lleida"
25039;692502;"Pirineo de Lleida"
25040;692502;"Pirineo de Lleida"
25041;692502;"Pirineo de Lleida"
25042;692502;"Pirineo de Lleida"
25043;692502;"Pirineo de Lleida"
25044;692502;"Pirineo de Lleida"
25045;692501;"Valle de Arán"
25046;692503;"Depresión central de Lleida"
25047;692503;"Depresión central de Lleida"
25048;692503;"Depresión central de Lleida"
25049;692503;"Depresión central de Lleida"
25050;692503;"Depresión central de Lleida"
25051;692502;"Pirineo de Lleida"
25052;692503;"Depresión central de Lleida"
25053;692503;"Depresión central de Lleida"
25055;692503;"Depresión central de Lleida"
25056;692503;"Depresión central de Lleida"
25057;692501;"Valle de Arán"
25058;692503;"Depresión central de Lleida"
25059;692501;"Valle de Arán"
25060;692503;"Depresión central de Lleida"
25061;692502;"Pirineo de Lleida"
25062;692503;"Depresión central de Lleida"
25063;692501;"Valle de Arán"
25064;692503;"Depresión central de Lleida"
25067;692503;"Depresión central de Lleida"
25068;692503;"Depresión central de Lleida"
25069;692503;"Depresión central de Lleida"
25070;692503;"Depresión central de Lleida"
25071;692502;"Pirineo de Lleida"
25072;692503;"Depresión central de Lleida"
25073;692503;"Depresión central de Lleida"
25074;692503;"Depresión central de Lleida"
25075;692503;"Depresión central de Lleida"
25076;692503;"Depresión central de Lleida"
25077;692502;"Pirineo de Lleida"
25078;692503;"Depresión central de Lleida"
25079;692503;"Depresión central de Lleida"
25081;692503;"Depresión central de Lleida"
25082;692502;"Pirineo de Lleida"
25085;692503;"Depresión central de Lleida"
25088;692501;"Valle de Arán"
25089;692501;"Valle de Arán"
25092;692503;"Depresión central de Lleida"
25093;692503;"Depresión central de Lleida"
25094;692503;"Depresión central de Lleida"
25096;692503;"Depresión central de Lleida"
25097;692503;"Depresión central de Lleida"
25098;692501;"Valle de Arán"
25099;692503;"Depresión central de Lleida"
25100;692501;"Valle de Arán"
25101;692503;"Depresión central de Lleida"
25102;692503;"Depresión central de Lleida"
25103;692503;"Depresión central de Lleida"
25104;692503;"Depresión central de Lleida"
25105;692503;"Depresión central de Lleida"
25109;692503;"Depresión central de Lleida"
25110;692503;"Depresión central de Lleida"
25111;692501;"Valle de Arán"
25112;692503;"Depresión central de Lleida"
25113;692503;"Depresión central de Lleida"
25114;692503;"Depresión central de Lleida"
25115;692501;"Valle de Arán"
25118;692503;"Depresión central de Lleida"
25119;692503;"Depresión central de Lleida"
25120;692503;"Depresión central de Lleida"
25121;692501;"Valle de Arán"
25122;692503;"Depresión central de Lleida"
25123;692501;"Valle de Arán"
25124;692503;"Depresión central de Lleida"
25125;692503;"Depresión central de Lleida"
25126;692501;"Valle de Arán"
25127;692501;"Valle de Arán"
25128;692501;"Valle de Arán"
25129;692503;"Depresión central de Lleida"
25130;692503;"Depresión central de Lleida"
25131;692503;"Depresión central de Lleida"
25132;692503;"Depresión central de Lleida"
25133;692503;"Depresión central de Lleida"
25134;692503;"Depresión central de Lleida"
25135;692503;"Depresión central de Lleida"
25136;692503;"Depresión central de Lleida"
25137;692503;"Depresión central de Lleida"
25138;692503;"Depresión central de Lleida"
25139;692501;"Valle de Arán"
25140;692501;"Valle de Arán"
25141;692503;"Depresión central de Lleida"
25142;692503;"Depresión central de Lleida"
25143;692503;"Depresión central de Lleida"
25145;692503;"Depresión central de Lleida"
25146;692503;"Depresión central de Lleida"
25148;692501;"Valle de Arán"
25149;692503;"Depresión central de Lleida"
25150;692503;"Depresión central de Lleida"
25151;692503;"Depresión central de Lleida"
25152;692503;"Depresión central de Lleida"
25153;692503;"Depresión central de Lleida"
25154;692503;"Depresión central de Lleida"
25155;692501;"Valle de Arán"
25156;692503;"Depresión central de Lleida"
25157;692503;"Depresión central de Lleida"
25158;692503;"Depresión central de Lleida"
25161;692501;"Valle de Arán"
25163;692502;"Pirineo de Lleida"
25164;692503;"Depresión central de Lleida"
25165;692503;"Depresión central de Lleida"
25166;692503;"Depresión central de Lleida"
25167;692503;"Depresión central de Lleida"
25168;692503;"Depresión central de Lleida"
25169;692503;"Depresión central de Lleida"
25170;692503;"Depresión central de Lleida"
25171;692502;"Pirineo de Lleida"
25172;692503;"Depresión central de Lleida"
25173;692502;"Pirineo de Lleida"
25174;692503;"Depresión central de Lleida"
25175;692502;"Pirineo de Lleida"
25176;692503;"Depresión central de Lleida"
25177;692503;"Depresión central de Lleida"
25179;692502;"Pirineo de Lleida"
25180;692503;"Depresión central de Lleida"
25181;692503;"Depresión central de Lleida"
25182;692503;"Depresión central de Lleida"
25183;692502;"Pirineo de Lleida"
25185;692502;"Pirineo de Lleida"
25186;692503;"Depresión central de Lleida"
25189;692503;"Depresión central de Lleida"
25190;692502;"Pirineo de Lleida"
25191;692503;"Depresión central de Lleida"
25192;692503;"Depresión central de Lleida"
25193;692502;"Pirineo de Lleida"
25194;692503;"Depresión central de Lleida"
25196;692502;"Pirineo de Lleida"
25197;692503;"Depresión central de Lleida"
25200;692503;"Depresión central de Lleida"
25201;692502;"Pirineo de Lleida"
25202;692502;"Pirineo de Lleida"
25203;692502;"Pirineo de Lleida"
25204;692503;"Depresión central de Lleida"
25205;692503;"Depresión central de Lleida"
25206;692503;"Depresión central de Lleida"
25207;692503;"Depresión central de Lleida"
25208;692502;"Pirineo de Lleida"
25209;692502;"Pirineo de Lleida"
25210;692503;"Depresión central de Lleida"
25211;692503;"Depresión central de Lleida"
25212;692503;"Depresión central de Lleida"
25215;692502;"Pirineo de Lleida"
25216;692503;"Depresión central de Lleida"
25217;692503;"Depresión central de Lleida"
25218;692503;"Depresión central de Lleida"
25219;692503;"Depresión central de Lleida"
25220;692503;"Depresión central de Lleida"
25221;692502;"Pirineo de Lleida"
25222;692503;"Depresión central de Lleida"
25223;692503;"Depresión central de Lleida"
25224;692503;"Depresión central de Lleida"
25225;692503;"Depresión central de Lleida"
25226;692503;"Depresión central de Lleida"
25227;692502;"Pirineo de Lleida"
25228;692503;"Depresión central de Lleida"
25230;692503;"Depresión central de Lleida"
25231;692503;"Depresión central de Lleida"
25232;692503;"Depresión central de Lleida"
25233;692503;"Depresión central de Lleida"
25234;692502;"Pirineo de Lleida"
25238;692503;"Depresión central de Lleida"
25239;692502;"Pirineo de Lleida"
25240;692503;"Depresión central de Lleida"
25242;692503;"Depresión central de Lleida"
25243;692501;"Valle de Arán"
25244;692503;"Depresión central de Lleida"
25245;692502;"Pirineo de Lleida"
25247;692501;"Valle de Arán"
25248;692503;"Depresión central de Lleida"
25249;692503;"Depresión central de Lleida"
25250;692503;"Depresión central de Lleida"
25251;692503;"Depresión central de Lleida"
25252;692503;"Depresión central de Lleida"
25253;692503;"Depresión central de Lleida"
25254;692503;"Depresión central de Lleida"
25255;692503;"Depresión central de Lleida"
25901;692502;"Pirineo de Lleida"
25902;692503;"Depresión central de Lleida"
25903;692502;"Pirineo de Lleida"
25904;692502;"Pirineo de Lleida"
25905;692503;"Depresión central de Lleida"
25906;692502;"Pirineo de Lleida"
25907;692503;"Depresión central de Lleida"
25908;692502;"Pirineo de Lleida"
25909;692502;"Pirineo de Lleida"
25910;692502;"Pirineo de Lleida"
25911;692503;"Depresión central de Lleida"
25912;692503;"Depresión central de Lleida"
25913;692502;"Pirineo de Lleida"
26001;762601;"Ribera del Ebro de La Rioja"
26002;762601;"Ribera del Ebro de La Rioja"
26003;762602;"Ibérica riojana"
26004;762602;"Ibérica riojana"
26005;762601;"Ribera del Ebro de La Rioja"
26006;762601;"Ribera del Ebro de La Rioja"
26007;762601;"Ribera del Ebro de La Rioja"
26008;762601;"Ribera del Ebro de La Rioja"
26009;762601;"Ribera del Ebro de La Rioja"
26010;762601;"Ribera del Ebro de La Rioja"
26011;762601;"Ribera del Ebro de La Rioja"
26012;762602;"Ibérica riojana"
26013;762601;"Ribera del Ebro de La Rioja"
26014;762602;"Ibérica riojana"
26015;762601;"Ribera del Ebro de La Rioja"
26016;762601;"Ribera del Ebro de La Rioja"
26017;762602;"Ibérica riojana"
26018;762601;"Ribera del Ebro de La Rioja"
26019;762601;"Ribera del Ebro de La Rioja"
26020;762601;"Ribera del Ebro de La Rioja"
26021;762601;"Ribera del Ebro de La Rioja"
26022;762601;"Ribera del Ebro de La Rioja"
26023;762602;"Ibérica riojana"
26024;762601;"Ribera del Ebro de La Rioja"
26025;762601;"Ribera del Ebro de La Rioja"
26026;762602;"Ibérica riojana"
26027;762602;"Ibérica riojana"
26028;762601;"Ribera del Ebro de La Rioja"
26029;762601;"Ribera del Ebro de La Rioja"
26030;762601;"Ribera del Ebro de La Rioja"
26031;762602;"Ibérica riojana"
26032;762602;"Ibérica riojana"
26033;762601;"Ribera del Ebro de La Rioja"
26034;762601;"Ribera del Ebro de La Rioja"
26035;762602;"Ibérica riojana"
26036;762601;"Ribera del Ebro de La Rioja"
26037;762602;"Ibérica riojana"
26038;762602;"Ibérica riojana"
26039;762601;"Ribera del Ebro de La Rioja"
26040;762601;"Ribera del Ebro de La Rioja"
26041;762602;"Ibérica riojana"
26044;762602;"Ibérica riojana"
26045;762601;"Ribera del Ebro de La Rioja"
26046;762601;"Ribera del Ebro de La Rioja"
26047;762602;"Ibérica riojana"
26048;762601;"Ribera del Ebro de La Rioja"
26049;762601;"Ribera del Ebro de La Rioja"
26050;762601;"Ribera del Ebro de La Rioja"
26051;762601;"Ribera del Ebro de La Rioja"
26052;762601;"Ribera del Ebro de La Rioja"
26053;762601;"Ribera del Ebro de La Rioja"
26054;762602;"Ibérica riojana"
26055;762601;"Ribera del Ebro de La Rioja"
26056;762601;"Ribera del Ebro de La Rioja"
26057;762601;"Ribera del Ebro de La Rioja"
26058;762602;"Ibérica riojana"
26059;762601;"Ribera del Ebro de La Rioja"
26060;762602;"Ibérica riojana"
26061;762602;"Ibérica riojana"
26062;762601;"Ribera del Ebro de La Rioja"
26063;762601;"Ribera del Ebro de La Rioja"
26064;762601;"Ribera del Ebro de La Rioja"
26065;762601;"Ribera del Ebro de La Rioja"
26066;762601;"Ribera del Ebro de La Rioja"
26067;762602;"Ibérica riojana"
26068;762601;"Ribera del Ebro de La Rioja"
26069;762601;"Ribera del Ebro de La Rioja"
26070;762601;"Ribera del Ebro de La Rioja"
26071;762601;"Ribera del Ebro de La Rioja"
26072;762601;"Ribera del Ebro de La Rioja"
26073;762601;"Ribera del Ebro de La Rioja"
26074;762601;"Ribera del Ebro de La Rioja"
26075;762601;"Ribera del Ebro de La Rioja"
26076;762601;"Ribera del Ebro de La Rioja"
26077;762602;"Ibérica riojana"
26078;762601;"Ribera del Ebro de La Rioja"
26079;762601;"Ribera del Ebro de La Rioja"
26080;762602;"Ibérica riojana"
26081;762602;"Ibérica riojana"
26082;762602;"Ibérica riojana"
26083;762601;"Ribera del Ebro de La Rioja"
26084;762601;"Ribera del Ebro de La Rioja"
26086;762602;"Ibérica riojana"
26087;762601;"Ribera del Ebro de La Rioja"
26088;762601;"Ribera del Ebro de La Rioja"
26089;762601;"Ribera del Ebro de La Rioja"
26091;762602;"Ibérica riojana"
26092;762601;"Ribera del Ebro de La Rioja"
26093;762602;"Ibérica riojana"
26094;762602;"Ibérica riojana"
26095;762602;"Ibérica riojana"
26096;762601;"Ribera del Ebro de La Rioja"
26098;762602;"Ibérica riojana"
26099;762601;"Ribera del Ebro de La Rioja"
26100;762602;"Ibérica riojana"
26101;762602;"Ibérica riojana"
26102;762601;"Ribera del Ebro de La Rioja"
26103;762601;"Ribera del Ebro de La Rioja"
26104;762602;"Ibérica riojana"
26105;762601;"Ribera del Ebro de La Rioja"
26106;762602;"Ibérica riojana"
26107;762602;"Ibérica riojana"
26108;762601;"Ribera del Ebro de La Rioja"
26109;762601;"Ribera del Ebro de La Rioja"
26110;762602;"Ibérica riojana"
26111;762601;"Ribera del Ebro de La Rioja"
26112;762602;"Ibérica riojana"
26113;762602;"Ibérica riojana"
26114;762602;"Ibérica riojana"
26115;762602;"Ibérica riojana"
26117;762601;"Ribera del Ebro de La Rioja"
26118;762602;"Ibérica riojana"
26119;762601;"Ribera del Ebro de La Rioja"
26120;762601;"Ribera del Ebro de La Rioja"
26121;762602;"Ibérica riojana"
26122;762602;"Ibérica riojana"
26123;762601;"Ribera del Ebro de La Rioja"
26124;762601;"Ribera del Ebro de La Rioja"
26125;762601;"Ribera del Ebro de La Rioja"
26126;762602;"Ibérica riojana"
26127;762602;"Ibérica riojana"
26128;762602;"Ibérica riojana"
26129;762602;"Ibérica riojana"
26130;762602;"Ibérica riojana"
26131;762602;"Ibérica riojana"
26132;762602;"Ibérica riojana"
26134;762602;"Ibérica riojana"
26135;762602;"Ibérica riojana"
26136;762602;"Ibérica riojana"
26138;762602;"Ibérica riojana"
26139;762602;"Ibérica riojana"
26140;762602;"Ibérica riojana"
26141;762602;"Ibérica riojana"
26142;762602;"Ibérica riojana"
26143;762602;"Ibérica riojana"
26144;762602;"Ibérica riojana"
26145;762602;"Ibérica riojana"
26146;762602;"Ibérica riojana"
26147;762602;"Ibérica riojana"
26148;762602;"Ibérica riojana"
26149;762602;"Ibérica riojana"
26150;762602;"Ibérica riojana"
26151;762602;"Ibérica riojana"
26152;762601;"Ribera del Ebro de La Rioja"
26153;762602;"Ibérica riojana"
26154;762601;"Ribera del Ebro de La Rioja"
26155;762601;"Ribera del Ebro de La Rioja"
26157;762601;"Ribera del Ebro de La Rioja"
26158;762601;"Ribera del Ebro de La Rioja"
26160;762601;"Ribera del Ebro de La Rioja"
26161;762602;"Ibérica riojana"
26162;762602;"Ibérica riojana"
26163;762601;"Ribera del Ebro de La Rioja"
26164;762602;"Ibérica riojana"
26165;762602;"Ibérica riojana"
26166;762601;"Ribera del Ebro de La Rioja"
26167;762601;"Ribera del Ebro de La Rioja"
26168;762601;"Ribera del Ebro de La Rioja"
26169;762602;"Ibérica riojana"
26170;762601;"Ribera del Ebro de La Rioja"
26171;762602;"Ibérica riojana"
26172;762602;"Ibérica riojana"
26173;762601;"Ribera del Ebro de La Rioja"
26174;762601;"Ribera del Ebro de La Rioja"
26175;762602;"Ibérica riojana"
26176;762602;"Ibérica riojana"
26177;762602;"Ibérica riojana"
26178;762602;"Ibérica riojana"
26179;762602;"Ibérica riojana"
26180;762601;"Ribera del Ebro de La Rioja"
26181;762602;"Ibérica riojana"
26183;762602;"Ibérica riojana"
27001;712703;"Montaña de Lugo"
27002;712701;"A Mariña"
27003;712703;"Montaña de Lugo"
27004;712703;"Montaña de Lugo"
27005;712701;"A Mariña"
27006;712703;"Montaña de Lugo"
27007;712703;"Montaña de Lugo"
27008;712704;"Sur de Lugo"
27009;712704;"Sur de Lugo"
27010;712703;"Montaña de Lugo"
27011;712703;"Montaña de Lugo"
27012;712703;"Montaña de Lugo"
27013;712701;"A Mariña"
27014;712703;"Montaña de Lugo"
27015;712703;"Montaña de Lugo"
27016;712704;"Sur de Lugo"
27017;712703;"Montaña de Lugo"
27018;712703;"Montaña de Lugo"
27019;712701;"A Mariña"
27020;712701;"A Mariña"
27021;712701;"A Mariña"
27022;712701;"A Mariña"
27023;712701;"A Mariña"
27024;712703;"Montaña de Lugo"
27025;712701;"A Mariña"
27026;712701;"A Mariña"
27027;712701;"A Mariña"
27028;712701;"A Mariña"
27029;712701;"A Mariña"
27030;712701;"A Mariña"
27031;712704;"Sur de Lugo"
27032;712701;"A Mariña"
27033;712701;"A Mariña"
27034;712703;"Montaña de Lugo"
27035;712703;"Montaña de Lugo"
27037;712703;"Montaña de Lugo"
27038;712701;"A Mariña"
27039;712701;"A Mariña"
27040;712701;"A Mariña"
27041;712704;"Sur de Lugo"
27042;712701;"A Mariña"
27043;712701;"A Mariña"
27044;712701;"A Mariña"
27045;712703;"Montaña de Lugo"
27046;712701;"A Mariña"
27047;712704;"Sur de Lugo"
27048;712701;"A Mariña"
27049;712701;"A Mariña"
27050;712704;"Sur de Lugo"
27051;712701;"A Mariña"
27052;712704;"Sur de Lugo"
27053;712703;"Montaña de Lugo"
27054;712701;"A Mariña"
27055;712703;"Montaña de Lugo"
27056;712701;"A Mariña"
27057;712701;"A Mariña"
27058;712704;"Sur de Lugo"
27059;712704;"Sur de Lugo"
27060;712704;"Sur de Lugo"
27061;712701;"A Mariña"
27062;712703;"Montaña de Lugo"
27063;712701;"A Mariña"
27064;712701;"A Mariña"
27065;712701;"A Mariña"
27066;712701;"A Mariña"
27901;712703;"Montaña de Lugo"
27902;712701;"A Mariña"
28001;722801;"Sierra de Madrid"
28002;722802;"Metropolitana y Henares"
28003;722801;"Sierra de Madrid"
28004;722803;"Sur, Vegas y Oeste"
28005;722802;"Metropolitana y Henares"
28006;722802;"Metropolitana y Henares"
28007;722802;"Metropolitana y Henares"
28008;722803;"Sur, Vegas y Oeste"
28009;722802;"Metropolitana y Henares"
28010;722801;"Sierra de Madrid"
28011;722803;"Sur, Vegas y Oeste"
28012;722802;"Metropolitana y Henares"
28013;722803;"Sur, Vegas y Oeste"
28014;722802;"Metropolitana y Henares"
28015;722803;"Sur, Vegas y Oeste"
28016;722801;"Sierra de Madrid"
28017;722803;"Sur, Vegas y Oeste"
28018;722801;"Sierra de Madrid"
28019;722803;"Sur, Vegas y Oeste"
28020;722801;"Sierra de Madrid"
28021;722801;"Sierra de Madrid"
28022;722802;"Metropolitana y Henares"
28023;722801;"Sierra de Madrid"
28024;722801;"Sierra de Madrid"
28025;722803;"Sur, Vegas y Oeste"
28026;722803;"Sur, Vegas y Oeste"
28027;722801;"Sierra de Madrid"
28028;722801;"Sierra de Madrid"
28029;722801;"Sierra de Madrid"
28030;722801;"Sierra de Madrid"
28031;722803;"Sur, Vegas y Oeste"
28032;722802;"Metropolitana y Henares"
28033;722802;"Metropolitana y Henares"
28034;722801;"Sierra de Madrid"
28035;722803;"Sur, Vegas y Oeste"
28036;722803;"Sur, Vegas y Oeste"
28037;722803;"Sur, Vegas y Oeste"
28038;722801;"Sierra de Madrid"
28039;722801;"Sierra de Madrid"
28040;722803;"Sur, Vegas y Oeste"
28041;722802;"Metropolitana y Henares"
28042;722803;"Sur, Vegas y Oeste"
28043;722803;"Sur, Vegas y Oeste"
28044;722801;"Sierra de Madrid"
28045;722801;"Sierra de Madrid"
28046;722801;"Sierra de Madrid"
28047;722801;"Sierra de Madrid"
28048;722802;"Metropolitana y Henares"
28049;722802;"Metropolitana y Henares"
28050;722803;"Sur, Vegas y Oeste"
28051;722803;"Sur, Vegas y Oeste"
28052;722803;"Sur, Vegas y Oeste"
28053;722802;"Metropolitana y Henares"
28054;722801;"Sierra de Madrid"
28055;722803;"Sur, Vegas y Oeste"
28056;722801;"Sierra de Madrid"
28057;722801;"Sierra de Madrid"
28058;722801;"Sierra de Madrid"
28059;722801;"Sierra de Madrid"
28060;722803;"Sur, Vegas y Oeste"
28061;722801;"Sierra de Madrid"
28062;722801;"Sierra de Madrid"
28063;722801;"Sierra de Madrid"
28064;722801;"Sierra de Madrid"
28065;722801;"Sierra de Madrid"
28066;722803;"Sur, Vegas y Oeste"
28067;722801;"Sierra de Madrid"
28070;722801;"Sierra de Madrid"
28071;722801;"Sierra de Madrid"
28072;722801;"Sierra de Madrid"
28073;722803;"Sur, Vegas y Oeste"
28074;722801;"Sierra de Madrid"
28075;722801;"Sierra de Madrid"
28076;722801;"Sierra de Madrid"
28078;722801;"Sierra de Madrid"
28079;722801;"Sierra de Madrid"
28080;722801;"Sierra de Madrid"
28082;722801;"Sierra de Madrid"
28083;722801;"Sierra de Madrid"
28084;722801;"Sierra de Madrid"
28085;722801;"Sierra de Madrid"
28086;722801;"Sierra de Madrid"
28087;722801;"Sierra de Madrid"
28088;722801;"Sierra de Madrid"
28089;722803;"Sur, Vegas y Oeste"
28090;722801;"Sierra de Madrid"
28091;722803;"Sur, Vegas y Oeste"
28092;722801;"Sierra de Madrid"
28093;722801;"Sierra de Madrid"
28094;722801;"Sierra de Madrid"
28095;722803;"Sur, Vegas y Oeste"
28096;722803;"Sur, Vegas y Oeste"
28097;722801;"Sierra de Madrid"
28099;722803;"Sur, Vegas y Oeste"
28100;722803;"Sur, Vegas y Oeste"
28101;722803;"Sur, Vegas y Oeste"
28102;722803;"Sur, Vegas y Oeste"
28104;722801;"Sierra de Madrid"
28106;722803;"Sur, Vegas y Oeste"
28107;722801;"Sierra de Madrid"
28108;722801;"Sierra de Madrid"
28109;722803;"Sur, Vegas y Oeste"
28110;722803;"Sur, Vegas y Oeste"
28111;722803;"Sur, Vegas y Oeste"
28112;722801;"Sierra de Madrid"
28113;722803;"Sur, Vegas y Oeste"
28114;722801;"Sierra de Madrid"
28115;722801;"Sierra de Madrid"
28116;722801;"Sierra de Madrid"
28117;722801;"Sierra de Madrid"
28118;722801;"Sierra de Madrid"
28119;722803;"Sur, Vegas y Oeste"
28120;722801;"Sierra de Madrid"
28121;722801;"Sierra de Madrid"
28122;722801;"Sierra de Madrid"
28123;722801;"Sierra de Madrid"
28124;722801;"Sierra de Madrid"
28125;722801;"Sierra de Madrid"
28126;722801;"Sierra de Madrid"
28127;722801;"Sierra de Madrid"
28128;722803;"Sur, Vegas y Oeste"
28129;722801;"Sierra de Madrid"
28130;722802;"Metropolitana y Henares"
28131;722801;"Sierra de Madrid"
28132;722803;"Sur, Vegas y Oeste"
28133;722803;"Sur, Vegas y Oeste"
28134;722802;"Metropolitana y Henares"
28135;722801;"Sierra de Madrid"
28136;722802;"Metropolitana y Henares"
28137;722802;"Metropolitana y Henares"
28138;722801;"Sierra de Madrid"
28140;722803;"Sur, Vegas y Oeste"
28141;722803;"Sur, Vegas y Oeste"
28143;722801;"Sierra de Madrid"
28144;722801;"Sierra de Madrid"
28145;722801;"Sierra de Madrid"
28146;722803;"Sur, Vegas y Oeste"
28147;722803;"Sur, Vegas y Oeste"
28148;722802;"Metropolitana y Henares"
28149;722803;"Sur, Vegas y Oeste"
28150;722803;"Sur, Vegas y Oeste"
28151;722801;"Sierra de Madrid"
28152;722801;"Sierra de Madrid"
28153;722801;"Sierra de Madrid"
28154;722802;"Metropolitana y Henares"
28155;722803;"Sur, Vegas y Oeste"
28156;722802;"Metropolitana y Henares"
28157;722803;"Sur, Vegas y Oeste"
28158;722801;"Sierra de Madrid"
28159;722801;"Sierra de Madrid"
28160;722801;"Sierra de Madrid"
28161;722803;"Sur, Vegas y Oeste"
28162;722802;"Metropolitana y Henares"
28163;722801;"Sierra de Madrid"
28164;722801;"Sierra de Madrid"
28165;722803;"Sur, Vegas y Oeste"
28166;722802;"Metropolitana y Henares"
28167;722802;"Metropolitana y Henares"
28168;722801;"Sierra de Madrid"
28169;722801;"Sierra de Madrid"
28170;722803;"Sur, Vegas y Oeste"
28171;722803;"Sur, Vegas y Oeste"
28172;722802;"Metropolitana y Henares"
28173;722803;"Sur, Vegas y Oeste"
28174;722803;"Sur, Vegas y Oeste"
28175;722803;"Sur, Vegas y Oeste"
28176;722803;"Sur, Vegas y Oeste"
28177;722803;"Sur, Vegas y Oeste"
28178;722803;"Sur, Vegas y Oeste"
28179;722803;"Sur, Vegas y Oeste"
28180;722803;"Sur, Vegas y Oeste"
28181;722802;"Metropolitana y Henares"
28182;722801;"Sierra de Madrid"
28183;722801;"Sierra de Madrid"
28901;722801;"Sierra de Madrid"
28902;722801;"Sierra de Madrid"
28903;722802;"Metropolitana y Henares"
29001;612901;Antequera
29002;612904;Axarquía
29003;612904;Axarquía
29004;612904;Axarquía
29005;612904;Axarquía
29006;612902;Ronda
29007;612902;Ronda
29008;612902;Ronda
29009;612904;Axarquía
29010;612901;Antequera
29011;612902;Ronda
29012;612902;Ronda
29013;612902;Ronda
29014;612902;Ronda
29015;612901;Antequera
29016;612904;Axarquía
29017;612901;Antequera
29018;612902;Ronda
29019;612904;Axarquía
29020;612902;Ronda
29023;612902;Ronda
29024;612901;Antequera
29025;612902;Ronda
29026;612902;Ronda
29027;612902;Ronda
29028;612901;Antequera
29029;612901;Antequera
29030;612902;Ronda
29031;612901;Antequera
29032;612901;Antequera
29033;612902;Ronda
29034;612902;Ronda
29035;612901;Antequera
29036;612902;Ronda
29037;612901;Antequera
29038;612902;Ronda
29039;612902;Ronda
29040;612902;Ronda
29041;612902;Ronda
29042;612902;Ronda
29043;612902;Ronda
29044;612902;Ronda
29045;612902;Ronda
29046;612901;Antequera
29047;612901;Antequera
29048;612901;Antequera
29049;612901;Antequera
29050;612902;Ronda
29051;612902;Ronda
29052;612901;Antequera
29053;612902;Ronda
29054;612902;Ronda
29055;612901;Antequera
29056;612901;Antequera
29057;612901;Antequera
29058;612902;Ronda
29059;612901;Antequera
29060;612901;Antequera
29061;612902;Ronda
29062;612902;Ronda
29063;612901;Antequera
29064;612901;Antequera
29065;612901;Antequera
29066;612902;Ronda
29067;612902;Ronda
29068;612902;Ronda
29069;612902;Ronda
29070;612902;Ronda
29071;612902;Ronda
29072;612901;Antequera
29073;612902;Ronda
29074;612901;Antequera
29075;612902;Ronda
29076;612902;Ronda
29077;612901;Antequera
29079;612902;Ronda
29080;612902;Ronda
29081;612901;Antequera
29082;612902;Ronda
29083;612902;Ronda
29084;612901;Antequera
29085;612902;Ronda
29086;612902;Ronda
29087;612902;Ronda
29088;612901;Antequera
29089;612901;Antequera
29090;612902;Ronda
29091;612902;Ronda
29092;612902;Ronda
29093;612902;Ronda
29094;612904;Axarquía
29095;612901;Antequera
29096;612901;Antequera
29097;612901;Antequera
29098;612901;Antequera
29099;612904;Axarquía
29100;612902;Ronda
29901;612902;Ronda
29902;612901;Antequera
29903;612901;Antequera
29904;612901;Antequera
30001;733003;"Vega del Segura"
30002;733003;"Vega del Segura"
30003;733004;"Valle del Guadalentín, Lorca y Águilas"
30004;733003;"Vega del Segura"
30005;733005;"Campo de Cartagena y Mazarrón"
30006;733004;"Valle del Guadalentín, Lorca y Águilas"
30007;733005;"Campo de Cartagena y Mazarrón"
30008;733004;"Valle del Guadalentín, Lorca y Águilas"
30009;733005;"Campo de Cartagena y Mazarrón"
30010;733005;"Campo de Cartagena y Mazarrón"
30011;733005;"Campo de Cartagena y Mazarrón"
30012;733002;"Noroeste de Murcia"
30013;733002;"Noroeste de Murcia"
30014;733005;"Campo de Cartagena y Mazarrón"
30015;733004;"Valle del Guadalentín, Lorca y Águilas"
30016;733005;"Campo de Cartagena y Mazarrón"
30017;733004;"Valle del Guadalentín, Lorca y Águilas"
30018;733005;"Campo de Cartagena y Mazarrón"
30019;733005;"Campo de Cartagena y Mazarrón"
30020;733005;"Campo de Cartagena y Mazarrón"
30021;733005;"Campo de Cartagena y Mazarrón"
30022;733001;"Altiplano de Murcia"
30023;733005;"Campo de Cartagena y Mazarrón"
30024;733003;"Vega del Segura"
30026;733005;"Campo de Cartagena y Mazarrón"
30028;733004;"Valle del Guadalentín, Lorca y Águilas"
30029;733001;"Altiplano de Murcia"
30030;733001;"Altiplano de Murcia"
30031;733001;"Altiplano de Murcia"
30032;733001;"Altiplano de Murcia"
30033;733003;"Vega del Segura"
30034;733001;"Altiplano de Murcia"
30035;733005;"Campo de Cartagena y Mazarrón"
30036;733005;"Campo de Cartagena y Mazarrón"
30037;733005;"Campo de Cartagena y Mazarrón"
30038;733001;"Altiplano de Murcia"
30039;733003;"Vega del Segura"
30040;733001;"Altiplano de Murcia"
30041;733005;"Campo de Cartagena y Mazarrón"
30042;733002;"Noroeste de Murcia"
30043;733001;"Altiplano de Murcia"
30901;733002;"Noroeste de Murcia"
30902;733005;"Campo de Cartagena y Mazarrón"
31001;743102;"Centro de Navarra"
31002;743101;"Vertiente cantábrica de Navarra"
31003;743103;"Pirineo navarro"
31004;743103;"Pirineo navarro"
31005;743101;"Vertiente cantábrica de Navarra"
31006;743104;"Ribera del Ebro de Navarra"
31007;743101;"Vertiente cantábrica de Navarra"
31008;743101;"Vertiente cantábrica de Navarra"
31009;743101;"Vertiente cantábrica de Navarra"
31010;743101;"Vertiente cantábrica de Navarra"
31011;743101;"Vertiente cantábrica de Navarra"
31012;743104;"Ribera del Ebro de Navarra"
31013;743101;"Vertiente cantábrica de Navarra"
31014;743101;"Vertiente cantábrica de Navarra"
31015;743104;"Ribera del Ebro de Navarra"
31016;743101;"Vertiente cantábrica de Navarra"
31017;743101;"Vertiente cantábrica de Navarra"
31018;743101;"Vertiente cantábrica de Navarra"
31019;743101;"Vertiente cantábrica de Navarra"
31020;743101;"Vertiente cantábrica de Navarra"
31021;743101;"Vertiente cantábrica de Navarra"
31022;743101;"Vertiente cantábrica de Navarra"
31023;743101;"Vertiente cantábrica de Navarra"
31024;743101;"Vertiente cantábrica de Navarra"
31025;743101;"Vertiente cantábrica de Navarra"
31026;743104;"Ribera del Ebro de Navarra"
31027;743101;"Vertiente cantábrica de Navarra"
31028;743103;"Pirineo navarro"
31029;743104;"Ribera del Ebro de Navarra"
31030;743101;"Vertiente cantábrica de Navarra"
31031;743101;"Vertiente cantábrica de Navarra"
31032;743104;"Ribera del Ebro de Navarra"
31033;743104;"Ribera del Ebro de Navarra"
31034;743104;"Ribera del Ebro de Navarra"
31035;743104;"Ribera del Ebro de Navarra"
31036;743104;"Ribera del Ebro de Navarra"
31037;743101;"Vertiente cantábrica de Navarra"
31038;743101;"Vertiente cantábrica de Navarra"
31039;743101;"Vertiente cantábrica de Navarra"
31040;743101;"Vertiente cantábrica de Navarra"
31041;743101;"Vertiente cantábrica de Navarra"
31042;743104;"Ribera del Ebro de Navarra"
31043;743101;"Vertiente cantábrica de Navarra"
31044;743101;"Vertiente cantábrica de Navarra"
31045;743101;"Vertiente cantábrica de Navarra"
31046;743101;"Vertiente cantábrica de Navarra"
31047;743104;"Ribera del Ebro de Navarra"
31048;743104;"Ribera del Ebro de Navarra"
31049;743101;"Vertiente cantábrica de Navarra"
31050;743101;"Vertiente cantábrica de Navarra"
31051;743101;"Vertiente cantábrica de Navarra"
31052;743101;"Vertiente cantábrica de Navarra"
31053;743104;"Ribera del Ebro de Navarra"
31054;743101;"Vertiente cantábrica de Navarra"
31055;743101;"Vertiente cantábrica de Navarra"
31056;743101;"Vertiente cantábrica de Navarra"
31057;743104;"Ribera del Ebro de Navarra"
31058;743104;"Ribera del Ebro de Navarra"
31059;743104;"Ribera del Ebro de Navarra"
31060;743101;"Vertiente cantábrica de Navarra"
31061;743104;"Ribera del Ebro de Navarra"
31062;743104;"Ribera del Ebro de Navarra"
31063;743101;"Vertiente cantábrica de Navarra"
31064;743104;"Ribera del Ebro de Navarra"
31065;743104;"Ribera del Ebro de Navarra"
31066;743104;"Ribera del Ebro de Navarra"
31067;743101;"Vertiente cantábrica de Navarra"
31068;743104;"Ribera del Ebro de Navarra"
31069;743101;"Vertiente cantábrica de Navarra"
31070;743104;"Ribera del Ebro de Navarra"
31071;743101;"Vertiente cantábrica de Navarra"
31072;743104;"Ribera del Ebro de Navarra"
31073;743101;"Vertiente cantábrica de Navarra"
31074;743101;"Vertiente cantábrica de Navarra"
31075;743101;"Vertiente cantábrica de Navarra"
31076;743101;"Vertiente cantábrica de Navarra"
31077;743104;"Ribera del Ebro de Navarra"
31078;743104;"Ribera del Ebro de Navarra"
31079;743104;"Ribera del Ebro de Navarra"
31080;743101;"Vertiente cantábrica de Navarra"
31081;743101;"Vertiente cantábrica de Navarra"
31082;743101;"Vertiente cantábrica de Navarra"
31083;743101;"Vertiente cantábrica de Navarra"
31084;743101;"Vertiente cantábrica de Navarra"
31085;743101;"Vertiente cantábrica de Navarra"
31086;743101;"Vertiente cantábrica de Navarra"
31087;743101;"Vertiente cantábrica de Navarra"
31088;743101;"Vertiente cantábrica de Navarra"
31089;743101;"Vertiente cantábrica de Navarra"
31090;743101;"Vertiente cantábrica de Navarra"
31091;743101;"Vertiente cantábrica de Navarra"
31092;743104;"Ribera del Ebro de Navarra"
31093;743104;"Ribera del Ebro de Navarra"
31094;743101;"Vertiente cantábrica de Navarra"
31095;743104;"Ribera del Ebro de Navarra"
31096;743101;"Vertiente cantábrica de Navarra"
31097;743101;"Vertiente cantábrica de Navarra"
31098;743104;"Ribera del Ebro de Navarra"
31099;743101;"Vertiente cantábrica de Navarra"
31100;743101;"Vertiente cantábrica de Navarra"
31101;743101;"Vertiente cantábrica de Navarra"
31102;743101;"Vertiente cantábrica de Navarra"
31103;743101;"Vertiente cantábrica de Navarra"
31104;743104;"Ribera del Ebro de Navarra"
31105;743104;"Ribera del Ebro de Navarra"
31106;743104;"Ribera del Ebro de Navarra"
31107;743104;"Ribera del Ebro de Navarra"
31108;743104;"Ribera del Ebro de Navarra"
31109;743101;"Vertiente cantábrica de Navarra"
31110;743101;"Vertiente cantábrica de Navarra"
31111;743104;"Ribera del Ebro de Navarra"
31112;743104;"Ribera del Ebro de Navarra"
31113;743104;"Ribera del Ebro de Navarra"
31114;743101;"Vertiente cantábrica de Navarra"
31115;743104;"Ribera del Ebro de Navarra"
31116;743101;"Vertiente cantábrica de Navarra"
31117;743101;"Vertiente cantábrica de Navarra"
31118;743101;"Vertiente cantábrica de Navarra"
31119;743104;"Ribera del Ebro de Navarra"
31120;743101;"Vertiente cantábrica de Navarra"
31121;743101;"Vertiente cantábrica de Navarra"
31122;743101;"Vertiente cantábrica de Navarra"
31123;743101;"Vertiente cantábrica de Navarra"
31124;743101;"Vertiente cantábrica de Navarra"
31125;743101;"Vertiente cantábrica de Navarra"
31126;743101;"Vertiente cantábrica de Navarra"
31127;743101;"Vertiente cantábrica de Navarra"
31128;743104;"Ribera del Ebro de Navarra"
31129;743101;"Vertiente cantábrica de Navarra"
31130;743101;"Vertiente cantábrica de Navarra"
31131;743101;"Vertiente cantábrica de Navarra"
31132;743101;"Vertiente cantábrica de Navarra"
31133;743104;"Ribera del Ebro de Navarra"
31134;743104;"Ribera del Ebro de Navarra"
31135;743101;"Vertiente cantábrica de Navarra"
31136;743101;"Vertiente cantábrica de Navarra"
31137;743101;"Vertiente cantábrica de Navarra"
31138;743101;"Vertiente cantábrica de Navarra"
31139;743101;"Vertiente cantábrica de Navarra"
31140;743101;"Vertiente cantábrica de Navarra"
31141;743101;"Vertiente cantábrica de Navarra"
31142;743101;"Vertiente cantábrica de Navarra"
31143;743101;"Vertiente cantábrica de Navarra"
31144;743101;"Vertiente cantábrica de Navarra"
31145;743104;"Ribera del Ebro de Navarra"
31146;743101;"Vertiente cantábrica de Navarra"
31147;743101;"Vertiente cantábrica de Navarra"
31148;743101;"Vertiente cantábrica de Navarra"
31149;743101;"Vertiente cantábrica de Navarra"
31150;743101;"Vertiente cantábrica de Navarra"
31151;743101;"Vertiente cantábrica de Navarra"
31152;743104;"Ribera del Ebro de Navarra"
31153;743101;"Vertiente cantábrica de Navarra"
31154;743101;"Vertiente cantábrica de Navarra"
31155;743101;"Vertiente cantábrica de Navarra"
31156;743101;"Vertiente cantábrica de Navarra"
31157;743104;"Ribera del Ebro de Navarra"
31158;743101;"Vertiente cantábrica de Navarra"
31159;743101;"Vertiente cantábrica de Navarra"
31160;743101;"Vertiente cantábrica de Navarra"
31161;743101;"Vertiente cantábrica de Navarra"
31162;743101;"Vertiente cantábrica de Navarra"
31163;743104;"Ribera del Ebro de Navarra"
31164;743101;"Vertiente cantábrica de Navarra"
31165;743104;"Ribera del Ebro de Navarra"
31166;743101;"Vertiente cantábrica de Navarra"
31167;743101;"Vertiente cantábrica de Navarra"
31168;743101;"Vertiente cantábrica de Navarra"
31169;743104;"Ribera del Ebro de Navarra"
31170;743101;"Vertiente cantábrica de Navarra"
31171;743104;"Ribera del Ebro de Navarra"
31172;743101;"Vertiente cantábrica de Navarra"
31173;743104;"Ribera del Ebro de Navarra"
31174;743101;"Vertiente cantábrica de Navarra"
31175;743101;"Vertiente cantábrica de Navarra"
31176;743104;"Ribera del Ebro de Navarra"
31177;743101;"Vertiente cantábrica de Navarra"
31178;743104;"Ribera del Ebro de Navarra"
31179;743101;"Vertiente cantábrica de Navarra"
31180;743101;"Vertiente cantábrica de Navarra"
31181;743101;"Vertiente cantábrica de Navarra"
31182;743101;"Vertiente cantábrica de Navarra"
31183;743101;"Vertiente cantábrica de Navarra"
31184;743101;"Vertiente cantábrica de Navarra"
31185;743101;"Vertiente cantábrica de Navarra"
31186;743101;"Vertiente cantábrica de Navarra"
31187;743101;"Vertiente cantábrica de Navarra"
31188;743101;"Vertiente cantábrica de Navarra"
31189;743101;"Vertiente cantábrica de Navarra"
31190;743101;"Vertiente cantábrica de Navarra"
31191;743101;"Vertiente cantábrica de Navarra"
31192;743101;"Vertiente cantábrica de Navarra"
31193;743101;"Vertiente cantábrica de Navarra"
31194;743101;"Vertiente cantábrica de Navarra"
31195;743101;"Vertiente cantábrica de Navarra"
31196;743101;"Vertiente cantábrica de Navarra"
31197;743101;"Vertiente cantábrica de Navarra"
31198;743101;"Vertiente cantábrica de Navarra"
31199;743101;"Vertiente cantábrica de Navarra"
31200;743101;"Vertiente cantábrica de Navarra"
31201;743101;"Vertiente cantábrica de Navarra"
31202;743104;"Ribera del Ebro de Navarra"
31203;743101;"Vertiente cantábrica de Navarra"
31204;743101;"Vertiente cantábrica de Navarra"
31205;743101;"Vertiente cantábrica de Navarra"
31206;743101;"Vertiente cantábrica de Navarra"
31207;743101;"Vertiente cantábrica de Navarra"
31208;743104;"Ribera del Ebro de Navarra"
31209;743101;"Vertiente cantábrica de Navarra"
31210;743101;"Vertiente cantábrica de Navarra"
31211;743101;"Vertiente cantábrica de Navarra"
31212;743101;"Vertiente cantábrica de Navarra"
31213;743101;"Vertiente cantábrica de Navarra"
31214;743101;"Vertiente cantábrica de Navarra"
31215;743104;"Ribera del Ebro de Navarra"
31216;743101;"Vertiente cantábrica de Navarra"
31217;743101;"Vertiente cantábrica de Navarra"
31219;743104;"Ribera del Ebro de Navarra"
31220;743101;"Vertiente cantábrica de Navarra"
31221;743101;"Vertiente cantábrica de Navarra"
31222;743101;"Vertiente cantábrica de Navarra"
31223;743104;"Ribera del Ebro de Navarra"
31224;743104;"Ribera del Ebro de Navarra"
31225;743101;"Vertiente cantábrica de Navarra"
31226;743101;"Vertiente cantábrica de Navarra"
31227;743101;"Vertiente cantábrica de Navarra"
31228;743101;"Vertiente cantábrica de Navarra"
31229;743101;"Vertiente cantábrica de Navarra"
31230;743101;"Vertiente cantábrica de Navarra"
31231;743104;"Ribera del Ebro de Navarra"
31232;743104;"Ribera del Ebro de Navarra"
31233;743104;"Ribera del Ebro de Navarra"
31234;743101;"Vertiente cantábrica de Navarra"
31235;743101;"Vertiente cantábrica de Navarra"
31236;743101;"Vertiente cantábrica de Navarra"
31237;743101;"Vertiente cantábrica de Navarra"
31238;743101;"Vertiente cantábrica de Navarra"
31239;743101;"Vertiente cantábrica de Navarra"
31240;743101;"Vertiente cantábrica de Navarra"
31241;743101;"Vertiente cantábrica de Navarra"
31242;743101;"Vertiente cantábrica de Navarra"
31243;743101;"Vertiente cantábrica de Navarra"
31244;743101;"Vertiente cantábrica de Navarra"
31245;743101;"Vertiente cantábrica de Navarra"
31246;743101;"Vertiente cantábrica de Navarra"
31247;743101;"Vertiente cantábrica de Navarra"
31248;743101;"Vertiente cantábrica de Navarra"
31249;743104;"Ribera del Ebro de Navarra"
31250;743101;"Vertiente cantábrica de Navarra"
31251;743104;"Ribera del Ebro de Navarra"
31252;743103;"Pirineo navarro"
31253;743101;"Vertiente cantábrica de Navarra"
31254;743104;"Ribera del Ebro de Navarra"
31255;743101;"Vertiente cantábrica de Navarra"
31256;743103;"Pirineo navarro"
31257;743101;"Vertiente cantábrica de Navarra"
31258;743101;"Vertiente cantábrica de Navarra"
31259;743101;"Vertiente cantábrica de Navarra"
31260;743101;"Vertiente cantábrica de Navarra"
31261;743101;"Vertiente cantábrica de Navarra"
31262;743101;"Vertiente cantábrica de Navarra"
31263;743101;"Vertiente cantábrica de Navarra"
31264;743101;"Vertiente cantábrica de Navarra"
31265;743101;"Vertiente cantábrica de Navarra"
31901;743101;"Vertiente cantábrica de Navarra"
31902;743101;"Vertiente cantábrica de Navarra"
31903;743101;"Vertiente cantábrica de Navarra"
31904;743101;"Vertiente cantábrica de Navarra"
31905;743101;"Vertiente cantábrica de Navarra"
31906;743101;"Vertiente cantábrica de Navarra"
31907;743101;"Vertiente cantábrica de Navarra"
31908;743101;"Vertiente cantábrica de Navarra"
32001;713203;"Sur de Ourense"
32002;713201;"Noroeste de Ourense"
32003;713202;"Miño de Ourense"
32004;713201;"Noroeste de Ourense"
32005;713203;"Sur de Ourense"
32006;713203;"Sur de Ourense"
32007;713203;"Sur de Ourense"
32008;713202;"Miño de Ourense"
32009;713205;Valdeorras
32010;713202;"Miño de Ourense"
32011;713201;"Noroeste de Ourense"
32012;713203;"Sur de Ourense"
32013;713201;"Noroeste de Ourense"
32014;713202;"Miño de Ourense"
32015;713204;"Montaña de Ourense"
32016;713202;"Miño de Ourense"
32017;713204;"Montaña de Ourense"
32018;713202;"Miño de Ourense"
32019;713201;"Noroeste de Ourense"
32020;713202;"Miño de Ourense"
32021;713202;"Miño de Ourense"
32022;713202;"Miño de Ourense"
32023;713204;"Montaña de Ourense"
32024;713202;"Miño de Ourense"
32025;713202;"Miño de Ourense"
32026;713201;"Noroeste de Ourense"
32027;713202;"Miño de Ourense"
32028;713202;"Miño de Ourense"
32029;713204;"Montaña de Ourense"
32030;713202;"Miño de Ourense"
32031;713204;"Montaña de Ourense"
32032;713202;"Miño de Ourense"
32033;713202;"Miño de Ourense"
32034;713204;"Montaña de Ourense"
32035;713201;"Noroeste de Ourense"
32036;713202;"Miño de Ourense"
32037;713204;"Montaña de Ourense"
32038;713205;Valdeorras
32039;713202;"Miño de Ourense"
32040;713202;"Miño de Ourense"
32041;713202;"Miño de Ourense"
32042;713202;"Miño de Ourense"
32043;713204;"Montaña de Ourense"
32044;713204;"Montaña de Ourense"
32045;713203;"Sur de Ourense"
32046;713202;"Miño de Ourense"
32047;713202;"Miño de Ourense"
32048;713204;"Montaña de Ourense"
32049;713204;"Montaña de Ourense"
32050;713202;"Miño de Ourense"
32051;713202;"Miño de Ourense"
32053;713202;"Miño de Ourense"
32055;713202;"Miño de Ourense"
32056;713201;"Noroeste de Ourense"
32057;713202;"Miño de Ourense"
32058;713201;"Noroeste de Ourense"
32059;713203;"Sur de Ourense"
32060;713205;Valdeorras
32061;713203;"Sur de Ourense"
32062;713202;"Miño de Ourense"
32063;713202;"Miño de Ourense"
32064;713201;"Noroeste de Ourense"
32065;713201;"Noroeste de Ourense"
32066;713202;"Miño de Ourense"
32067;713202;"Miño de Ourense"
32068;713202;"Miño de Ourense"
32069;713201;"Noroeste de Ourense"
32070;713202;"Miño de Ourense"
32071;713202;"Miño de Ourense"
32072;713205;Valdeorras
32073;713205;Valdeorras
32074;713201;"Noroeste de Ourense"
32075;713201;"Noroeste de Ourense"
32076;713203;"Sur de Ourense"
32077;713202;"Miño de Ourense"
32078;713202;"Miño de Ourense"
32079;713201;"Noroeste de Ourense"
32080;713202;"Miño de Ourense"
32081;713201;"Noroeste de Ourense"
32082;713205;Valdeorras
32083;713202;"Miño de Ourense"
32084;713205;Valdeorras
32085;713205;Valdeorras
32086;713202;"Miño de Ourense"
32087;713203;"Sur de Ourense"
32088;713205;Valdeorras
32089;713205;Valdeorras
32090;713205;Valdeorras
32091;713205;Valdeorras
32092;713202;"Miño de Ourense"
33001;633301;"Litoral occidental asturiano"
33002;633305;"Cordillera y Picos de Europa"
33003;633305;"Cordillera y Picos de Europa"
33004;633301;"Litoral occidental asturiano"
33005;633304;"Central y Valles mineros"
33006;633304;"Central y Valles mineros"
33007;633301;"Litoral occidental asturiano"
33008;633305;"Cordillera y Picos de Europa"
33009;633304;"Central y Valles mineros"
33010;633304;"Central y Valles mineros"
33011;633301;"Litoral occidental asturiano"
33012;633305;"Cordillera y Picos de Europa"
33013;633304;"Central y Valles mineros"
33014;633304;"Central y Valles mineros"
33015;633305;"Cordillera y Picos de Europa"
33016;633301;"Litoral occidental asturiano"
33017;633301;"Litoral occidental asturiano"
33018;633301;"Litoral occidental asturiano"
33019;633304;"Central y Valles mineros"
33020;633301;"Litoral occidental asturiano"
33021;633301;"Litoral occidental asturiano"
33022;633301;"Litoral occidental asturiano"
33023;633301;"Litoral occidental asturiano"
33024;633304;"Central y Valles mineros"
33025;633304;"Central y Valles mineros"
33026;633304;"Central y Valles mineros"
33027;633301;"Litoral occidental asturiano"
33028;633301;"Litoral occidental asturiano"
33029;633301;"Litoral occidental asturiano"
33030;633301;"Litoral occidental asturiano"
33031;633304;"Central y Valles mineros"
33032;633304;"Central y Valles mineros"
33033;633305;"Cordillera y Picos de Europa"
33034;633301;"Litoral occidental asturiano"
33035;633304;"Central y Valles mineros"
33036;633304;"Central y Valles mineros"
33037;633304;"Central y Valles mineros"
33038;633304;"Central y Valles mineros"
33039;633301;"Litoral occidental asturiano"
33040;633304;"Central y Valles mineros"
33041;633301;"Litoral occidental asturiano"
33042;633304;"Central y Valles mineros"
33043;633305;"Cordillera y Picos de Europa"
33044;633304;"Central y Valles mineros"
33045;633305;"Cordillera y Picos de Europa"
33046;633305;"Cordillera y Picos de Europa"
33047;633305;"Cordillera y Picos de Europa"
33048;633301;"Litoral occidental asturiano"
33049;633305;"Cordillera y Picos de Europa"
33050;633305;"Cordillera y Picos de Europa"
33051;633301;"Litoral occidental asturiano"
33052;633304;"Central y Valles mineros"
33053;633305;"Cordillera y Picos de Europa"
33054;633304;"Central y Valles mineros"
33055;633304;"Central y Valles mineros"
33056;633304;"Central y Valles mineros"
33057;633304;"Central y Valles mineros"
33058;633304;"Central y Valles mineros"
33059;633304;"Central y Valles mineros"
33060;633304;"Central y Valles mineros"
33061;633301;"Litoral occidental asturiano"
33062;633301;"Litoral occidental asturiano"
33063;633301;"Litoral occidental asturiano"
33064;633304;"Central y Valles mineros"
33065;633304;"Central y Valles mineros"
33066;633304;"Central y Valles mineros"
33067;633305;"Cordillera y Picos de Europa"
33068;633305;"Cordillera y Picos de Europa"
33069;633301;"Litoral occidental asturiano"
33070;633301;"Litoral occidental asturiano"
33071;633301;"Litoral occidental asturiano"
33072;633305;"Cordillera y Picos de Europa"
33073;633301;"Litoral occidental asturiano"
33074;633301;"Litoral occidental asturiano"
33075;633301;"Litoral occidental asturiano"
33076;633304;"Central y Valles mineros"
33077;633301;"Litoral occidental asturiano"
33078;633304;"Central y Valles mineros"
34001;673402;"Meseta de Palencia"
34003;673401;"Cordillera Cantábrica de Palencia"
34004;673401;"Cordillera Cantábrica de Palencia"
34005;673401;"Cordillera Cantábrica de Palencia"
34006;673401;"Cordillera Cantábrica de Palencia"
34009;673401;"Cordillera Cantábrica de Palencia"
34010;673401;"Cordillera Cantábrica de Palencia"
34011;673401;"Cordillera Cantábrica de Palencia"
34012;673401;"Cordillera Cantábrica de Palencia"
34015;673401;"Cordillera Cantábrica de Palencia"
34017;673401;"Cordillera Cantábrica de Palencia"
34018;673401;"Cordillera Cantábrica de Palencia"
34019;673401;"Cordillera Cantábrica de Palencia"
34020;673401;"Cordillera Cantábrica de Palencia"
34022;673401;"Cordillera Cantábrica de Palencia"
34023;673401;"Cordillera Cantábrica de Palencia"
34024;673401;"Cordillera Cantábrica de Palencia"
34025;673401;"Cordillera Cantábrica de Palencia"
34027;673401;"Cordillera Cantábrica de Palencia"
34028;673401;"Cordillera Cantábrica de Palencia"
34029;673401;"Cordillera Cantábrica de Palencia"
34031;673401;"Cordillera Cantábrica de Palencia"
34032;673401;"Cordillera Cantábrica de Palencia"
34033;673401;"Cordillera Cantábrica de Palencia"
34034;673401;"Cordillera Cantábrica de Palencia"
34035;673401;"Cordillera Cantábrica de Palencia"
34036;673401;"Cordillera Cantábrica de Palencia"
34037;673401;"Cordillera Cantábrica de Palencia"
34038;673401;"Cordillera Cantábrica de Palencia"
34039;673401;"Cordillera Cantábrica de Palencia"
34041;673401;"Cordillera Cantábrica de Palencia"
34042;673401;"Cordillera Cantábrica de Palencia"
34045;673401;"Cordillera Cantábrica de Palencia"
34046;673401;"Cordillera Cantábrica de Palencia"
34047;673401;"Cordillera Cantábrica de Palencia"
34048;673401;"Cordillera Cantábrica de Palencia"
34049;673401;"Cordillera Cantábrica de Palencia"
34050;673401;"Cordillera Cantábrica de Palencia"
34051;673401;"Cordillera Cantábrica de Palencia"
34052;673401;"Cordillera Cantábrica de Palencia"
34053;673401;"Cordillera Cantábrica de Palencia"
34055;673401;"Cordillera Cantábrica de Palencia"
34056;673401;"Cordillera Cantábrica de Palencia"
34057;673401;"Cordillera Cantábrica de Palencia"
34058;673401;"Cordillera Cantábrica de Palencia"
34059;673401;"Cordillera Cantábrica de Palencia"
34060;673401;"Cordillera Cantábrica de Palencia"
34061;673401;"Cordillera Cantábrica de Palencia"
34062;673401;"Cordillera Cantábrica de Palencia"
34063;673401;"Cordillera Cantábrica de Palencia"
34066;673401;"Cordillera Cantábrica de Palencia"
34067;673401;"Cordillera Cantábrica de Palencia"
34068;673401;"Cordillera Cantábrica de Palencia"
34069;673401;"Cordillera Cantábrica de Palencia"
34070;673401;"Cordillera Cantábrica de Palencia"
34071;673401;"Cordillera Cantábrica de Palencia"
34072;673401;"Cordillera Cantábrica de Palencia"
34073;673401;"Cordillera Cantábrica de Palencia"
34074;673401;"Cordillera Cantábrica de Palencia"
34076;673401;"Cordillera Cantábrica de Palencia"
34077;673401;"Cordillera Cantábrica de Palencia"
34079;673401;"Cordillera Cantábrica de Palencia"
34080;673401;"Cordillera Cantábrica de Palencia"
34081;673401;"Cordillera Cantábrica de Palencia"
34082;673401;"Cordillera Cantábrica de Palencia"
34083;673401;"Cordillera Cantábrica de Palencia"
34084;673401;"Cordillera Cantábrica de Palencia"
34086;673401;"Cordillera Cantábrica de Palencia"
34087;673401;"Cordillera Cantábrica de Palencia"
34088;673401;"Cordillera Cantábrica de Palencia"
34089;673401;"Cordillera Cantábrica de Palencia"
34091;673401;"Cordillera Cantábrica de Palencia"
34092;673401;"Cordillera Cantábrica de Palencia"
34093;673401;"Cordillera Cantábrica de Palencia"
34094;673401;"Cordillera Cantábrica de Palencia"
34096;673401;"Cordillera Cantábrica de Palencia"
34098;673401;"Cordillera Cantábrica de Palencia"
34099;673401;"Cordillera Cantábrica de Palencia"
34100;673401;"Cordillera Cantábrica de Palencia"
34101;673401;"Cordillera Cantábrica de Palencia"
34102;673401;"Cordillera Cantábrica de Palencia"
34103;673401;"Cordillera Cantábrica de Palencia"
34104;673401;"Cordillera Cantábrica de Palencia"
34106;673401;"Cordillera Cantábrica de Palencia"
34107;673401;"Cordillera Cantábrica de Palencia"
34108;673401;"Cordillera Cantábrica de Palencia"
34109;673401;"Cordillera Cantábrica de Palencia"
34110;673401;"Cordillera Cantábrica de Palencia"
34112;673401;"Cordillera Cantábrica de Palencia"
34113;673401;"Cordillera Cantábrica de Palencia"
34114;673401;"Cordillera Cantábrica de Palencia"
34116;673401;"Cordillera Cantábrica de Palencia"
34120;673401;"Cordillera Cantábrica de Palencia"
34121;673401;"Cordillera Cantábrica de Palencia"
34122;673401;"Cordillera Cantábrica de Palencia"
34123;673401;"Cordillera Cantábrica de Palencia"
34124;673401;"Cordillera Cantábrica de Palencia"
34125;673401;"Cordillera Cantábrica de Palencia"
34126;673401;"Cordillera Cantábrica de Palencia"
34127;673401;"Cordillera Cantábrica de Palencia"
34129;673401;"Cordillera Cantábrica de Palencia"
34130;673401;"Cordillera Cantábrica de Palencia"
34131;673401;"Cordillera Cantábrica de Palencia"
34132;673401;"Cordillera Cantábrica de Palencia"
34133;673401;"Cordillera Cantábrica de Palencia"
34134;673401;"Cordillera Cantábrica de Palencia"
34135;673401;"Cordillera Cantábrica de Palencia"
34136;673401;"Cordillera Cantábrica de Palencia"
34137;673401;"Cordillera Cantábrica de Palencia"
34139;673401;"Cordillera Cantábrica de Palencia"
34140;673401;"Cordillera Cantábrica de Palencia"
34141;673401;"Cordillera Cantábrica de Palencia"
34143;673401;"Cordillera Cantábrica de Palencia"
34146;673401;"Cordillera Cantábrica de Palencia"
34147;673401;"Cordillera Cantábrica de Palencia"
34149;673401;"Cordillera Cantábrica de Palencia"
34151;673401;"Cordillera Cantábrica de Palencia"
34152;673401;"Cordillera Cantábrica de Palencia"
34154;673401;"Cordillera Cantábrica de Palencia"
34155;673401;"Cordillera Cantábrica de Palencia"
34156;673401;"Cordillera Cantábrica de Palencia"
34157;673401;"Cordillera Cantábrica de Palencia"
34158;673401;"Cordillera Cantábrica de Palencia"
34159;673401;"Cordillera Cantábrica de Palencia"
34160;673401;"Cordillera Cantábrica de Palencia"
34161;673401;"Cordillera Cantábrica de Palencia"
34163;673401;"Cordillera Cantábrica de Palencia"
34165;673401;"Cordillera Cantábrica de Palencia"
34167;673401;"Cordillera Cantábrica de Palencia"
34168;673401;"Cordillera Cantábrica de Palencia"
34169;673401;"Cordillera Cantábrica de Palencia"
34170;673401;"Cordillera Cantábrica de Palencia"
34171;673401;"Cordillera Cantábrica de Palencia"
34174;673401;"Cordillera Cantábrica de Palencia"
34175;673401;"Cordillera Cantábrica de Palencia"
34176;673401;"Cordillera Cantábrica de Palencia"
34177;673401;"Cordillera Cantábrica de Palencia"
34178;673401;"Cordillera Cantábrica de Palencia"
34179;673401;"Cordillera Cantábrica de Palencia"
34180;673401;"Cordillera Cantábrica de Palencia"
34181;673401;"Cordillera Cantábrica de Palencia"
34182;673401;"Cordillera Cantábrica de Palencia"
34184;673401;"Cordillera Cantábrica de Palencia"
34185;673401;"Cordillera Cantábrica de Palencia"
34186;673401;"Cordillera Cantábrica de Palencia"
34189;673401;"Cordillera Cantábrica de Palencia"
34190;673401;"Cordillera Cantábrica de Palencia"
34192;673401;"Cordillera Cantábrica de Palencia"
34196;673401;"Cordillera Cantábrica de Palencia"
34199;673401;"Cordillera Cantábrica de Palencia"
34201;673401;"Cordillera Cantábrica de Palencia"
34202;673401;"Cordillera Cantábrica de Palencia"
34204;673401;"Cordillera Cantábrica de Palencia"
34205;673401;"Cordillera Cantábrica de Palencia"
34206;673401;"Cordillera Cantábrica de Palencia"
34208;673401;"Cordillera Cantábrica de Palencia"
34210;673401;"Cordillera Cantábrica de Palencia"
34211;673401;"Cordillera Cantábrica de Palencia"
34213;673401;"Cordillera Cantábrica de Palencia"
34214;673401;"Cordillera Cantábrica de Palencia"
34215;673401;"Cordillera Cantábrica de Palencia"
34216;673401;"Cordillera Cantábrica de Palencia"
34217;673401;"Cordillera Cantábrica de Palencia"
34218;673401;"Cordillera Cantábrica de Palencia"
34220;673401;"Cordillera Cantábrica de Palencia"
34221;673401;"Cordillera Cantábrica de Palencia"
34222;673401;"Cordillera Cantábrica de Palencia"
34223;673401;"Cordillera Cantábrica de Palencia"
34224;673401;"Cordillera Cantábrica de Palencia"
34225;673401;"Cordillera Cantábrica de Palencia"
34227;673401;"Cordillera Cantábrica de Palencia"
34228;673401;"Cordillera Cantábrica de Palencia"
34229;673401;"Cordillera Cantábrica de Palencia"
34230;673401;"Cordillera Cantábrica de Palencia"
34231;673401;"Cordillera Cantábrica de Palencia"
34232;673401;"Cordillera Cantábrica de Palencia"
34233;673401;"Cordillera Cantábrica de Palencia"
34234;673401;"Cordillera Cantábrica de Palencia"
34236;673401;"Cordillera Cantábrica de Palencia"
34237;673401;"Cordillera Cantábrica de Palencia"
34238;673401;"Cordillera Cantábrica de Palencia"
34240;673401;"Cordillera Cantábrica de Palencia"
34241;673401;"Cordillera Cantábrica de Palencia"
34242;673401;"Cordillera Cantábrica de Palencia"
34243;673401;"Cordillera Cantábrica de Palencia"
34245;673401;"Cordillera Cantábrica de Palencia"
34246;673401;"Cordillera Cantábrica de Palencia"
34901;673401;"Cordillera Cantábrica de Palencia"
34902;673401;"Cordillera Cantábrica de Palencia"
34903;673401;"Cordillera Cantábrica de Palencia"
34904;673401;"Cordillera Cantábrica de Palencia"
35001;659101;Lanzarote
35025;659201;Fuerteventura
35031;659001;"Norte de Gran Canaria"
35033;659201;Fuerteventura
36001;713603;"Miño de Pontevedra"
36002;713601;"Rías Baixas"
36003;713601;"Rías Baixas"
36004;713601;"Rías Baixas"
36005;713602;"Interior de Pontevedra"
36006;713602;"Interior de Pontevedra"
36007;713602;"Interior de Pontevedra"
36008;713602;"Interior de Pontevedra"
36009;713602;"Interior de Pontevedra"
36010;713602;"Interior de Pontevedra"
36013;713602;"Interior de Pontevedra"
36014;713603;"Miño de Pontevedra"
36015;713602;"Interior de Pontevedra"
36016;713602;"Interior de Pontevedra"
36017;713602;"Interior de Pontevedra"
36018;713602;"Interior de Pontevedra"
36019;713602;"Interior de Pontevedra"
36020;713602;"Interior de Pontevedra"
36021;713602;"Interior de Pontevedra"
36022;713602;"Interior de Pontevedra"
36023;713603;"Miño de Pontevedra"
36024;713602;"Interior de Pontevedra"
36025;713602;"Interior de Pontevedra"
36026;713602;"Interior de Pontevedra"
36027;713602;"Interior de Pontevedra"
36028;713602;"Interior de Pontevedra"
36029;713602;"Interior de Pontevedra"
36030;713603;"Miño de Pontevedra"
36031;713603;"Miño de Pontevedra"
36032;713602;"Interior de Pontevedra"
36033;713602;"Interior de Pontevedra"
36034;713603;"Miño de Pontevedra"
36035;713602;"Interior de Pontevedra"
36036;713602;"Interior de Pontevedra"
36037;713602;"Interior de Pontevedra"
36038;713602;"Interior de Pontevedra"
36039;713603;"Miño de Pontevedra"
36040;713602;"Interior de Pontevedra"
36041;713602;"Interior de Pontevedra"
36042;713603;"Miño de Pontevedra"
36043;713602;"Interior de Pontevedra"
36044;713602;"Interior de Pontevedra"
36045;713602;"Interior de Pontevedra"
36046;713602;"Interior de Pontevedra"
36047;713602;"Interior de Pontevedra"
36048;713603;"Miño de Pontevedra"
36049;713603;"Miño de Pontevedra"
36050;713603;"Miño de Pontevedra"
36051;713602;"Interior de Pontevedra"
36052;713602;"Interior de Pontevedra"
36053;713602;"Interior de Pontevedra"
36054;713603;"Miño de Pontevedra"
36055;713603;"Miño de Pontevedra"
36056;713601;"Rías Baixas"
36057;713601;"Rías Baixas"
36058;713601;"Rías Baixas"
36059;713602;"Interior de Pontevedra"
36060;713601;"Rías Baixas"
36061;713601;"Rías Baixas"
36901;713601;"Rías Baixas"
36902;713602;"Interior de Pontevedra"
37001;673701;"Meseta de Salamanca"
37002;673702;"Sistema Central de Salamanca"
37003;673701;"Meseta de Salamanca"
37004;673701;"Meseta de Salamanca"
37005;673701;"Meseta de Salamanca"
37006;673701;"Meseta de Salamanca"
37007;673701;"Meseta de Salamanca"
37008;673701;"Meseta de Salamanca"
37009;673701;"Meseta de Salamanca"
37010;673702;"Sistema Central de Salamanca"
37011;673701;"Meseta de Salamanca"
37012;673701;"Meseta de Salamanca"
37013;673703;"Sur de Salamanca"
37014;673701;"Meseta de Salamanca"
37015;673701;"Meseta de Salamanca"
37016;673701;"Meseta de Salamanca"
37017;673701;"Meseta de Salamanca"
37018;673702;"Sistema Central de Salamanca"
37019;673701;"Meseta de Salamanca"
37020;673701;"Meseta de Salamanca"
37021;673701;"Meseta de Salamanca"
37022;673701;"Meseta de Salamanca"
37023;673701;"Meseta de Salamanca"
37024;673701;"Meseta de Salamanca"
37025;673701;"Meseta de Salamanca"
37026;673701;"Meseta de Salamanca"
37027;673701;"Meseta de Salamanca"
37028;673701;"Meseta de Salamanca"
37029;673701;"Meseta de Salamanca"
37030;673701;"Meseta de Salamanca"
37031;673701;"Meseta de Salamanca"
37034;673701;"Meseta de Salamanca"
37035;673701;"Meseta de Salamanca"
37036;673702;"Sistema Central de Salamanca"
37037;673701;"Meseta de Salamanca"
37038;673701;"Meseta de Salamanca"
37039;673701;"Meseta de Salamanca"
37040;673701;"Meseta de Salamanca"
37041;673702;"Sistema Central de Salamanca"
37042;673701;"Meseta de Salamanca"
37044;673701;"Meseta de Salamanca"
37045;673702;"Sistema Central de Salamanca"
37046;673702;"Sistema Central de Salamanca"
37047;673701;"Meseta de Salamanca"
37049;673701;"Meseta de Salamanca"
37050;673701;"Meseta de Salamanca"
37051;673701;"Meseta de Salamanca"
37052;673701;"Meseta de Salamanca"
37054;673701;"Meseta de Salamanca"
37055;673701;"Meseta de Salamanca"
37056;673701;"Meseta de Salamanca"
37057;673701;"Meseta de Salamanca"
37058;673701;"Meseta de Salamanca"
37059;673701;"Meseta de Salamanca"
37060;673701;"Meseta de Salamanca"
37061;673702;"Sistema Central de Salamanca"
37062;673701;"Meseta de Salamanca"
37063;673702;"Sistema Central de Salamanca"
37065;673701;"Meseta de Salamanca"
37067;673701;"Meseta de Salamanca"
37068;673701;"Meseta de Salamanca"
37069;673701;"Meseta de Salamanca"
37070;673701;"Meseta de Salamanca"
37071;673703;"Sur de Salamanca"
37072;673701;"Meseta de Salamanca"
37073;673701;"Meseta de Salamanca"
37074;673701;"Meseta de Salamanca"
37077;673701;"Meseta de Salamanca"
37078;673702;"Sistema Central de Salamanca"
37079;673701;"Meseta de Salamanca"
37080;673702;"Sistema Central de Salamanca"
37081;673701;"Meseta de Salamanca"
37082;673701;"Meseta de Salamanca"
37083;673701;"Meseta de Salamanca"
37085;673701;"Meseta de Salamanca"
37086;673701;"Meseta de Salamanca"
37087;673701;"Meseta de Salamanca"
37088;673701;"Meseta de Salamanca"
37089;673702;"Sistema Central de Salamanca"
37090;673703;"Sur de Salamanca"
37091;673701;"Meseta de Salamanca"
37092;673701;"Meseta de Salamanca"
37096;673701;"Meseta de Salamanca"
37097;673701;"Meseta de Salamanca"
37098;673703;"Sur de Salamanca"
37099;673702;"Sistema Central de Salamanca"
37100;673701;"Meseta de Salamanca"
37101;673701;"Meseta de Salamanca"
37102;673703;"Sur de Salamanca"
37103;673701;"Meseta de Salamanca"
37104;673702;"Sistema Central de Salamanca"
37106;673701;"Meseta de Salamanca"
37107;673701;"Meseta de Salamanca"
37108;673701;"Meseta de Salamanca"
37109;673703;"Sur de Salamanca"
37110;673701;"Meseta de Salamanca"
37112;673703;"Sur de Salamanca"
37113;673701;"Meseta de Salamanca"
37114;673701;"Meseta de Salamanca"
37115;673701;"Meseta de Salamanca"
37116;673701;"Meseta de Salamanca"
37117;673701;"Meseta de Salamanca"
37118;673701;"Meseta de Salamanca"
37119;673701;"Meseta de Salamanca"
37120;673701;"Meseta de Salamanca"
37121;673701;"Meseta de Salamanca"
37122;673701;"Meseta de Salamanca"
37123;673701;"Meseta de Salamanca"
37124;673703;"Sur de Salamanca"
37125;673702;"Sistema Central de Salamanca"
37126;673701;"Meseta de Salamanca"
37127;673701;"Meseta de Salamanca"
37128;673701;"Meseta de Salamanca"
37129;673701;"Meseta de Salamanca"
37130;673701;"Meseta de Salamanca"
37131;673702;"Sistema Central de Salamanca"
37132;673701;"Meseta de Salamanca"
37133;673702;"Sistema Central de Salamanca"
37134;673701;"Meseta de Salamanca"
37135;673701;"Meseta de Salamanca"
37136;673701;"Meseta de Salamanca"
37137;673701;"Meseta de Salamanca"
37138;673702;"Sistema Central de Salamanca"
37139;673702;"Sistema Central de Salamanca"
37140;673701;"Meseta de Salamanca"
37141;673701;"Meseta de Salamanca"
37142;673701;"Meseta de Salamanca"
37143;673701;"Meseta de Salamanca"
37144;673701;"Meseta de Salamanca"
37145;673701;"Meseta de Salamanca"
37146;673701;"Meseta de Salamanca"
37147;673703;"Sur de Salamanca"
37148;673701;"Meseta de Salamanca"
37149;673701;"Meseta de Salamanca"
37150;673701;"Meseta de Salamanca"
37151;673701;"Meseta de Salamanca"
37152;673701;"Meseta de Salamanca"
37154;673701;"Meseta de Salamanca"
37155;673702;"Sistema Central de Salamanca"
37156;673701;"Meseta de Salamanca"
37157;673701;"Meseta de Salamanca"
37158;673703;"Sur de Salamanca"
37159;673703;"Sur de Salamanca"
37160;673701;"Meseta de Salamanca"
37161;673703;"Sur de Salamanca"
37162;673701;"Meseta de Salamanca"
37163;673702;"Sistema Central de Salamanca"
37164;673701;"Meseta de Salamanca"
37165;673701;"Meseta de Salamanca"
37166;673701;"Meseta de Salamanca"
37167;673701;"Meseta de Salamanca"
37168;673703;"Sur de Salamanca"
37169;673701;"Meseta de Salamanca"
37170;673701;"Meseta de Salamanca"
37171;673702;"Sistema Central de Salamanca"
37172;673702;"Sistema Central de Salamanca"
37173;673701;"Meseta de Salamanca"
37174;673701;"Meseta de Salamanca"
37175;673701;"Meseta de Salamanca"
37176;673703;"Sur de Salamanca"
37177;673702;"Sistema Central de Salamanca"
37178;673701;"Meseta de Salamanca"
37179;673701;"Meseta de Salamanca"
37180;673701;"Meseta de Salamanca"
37181;673701;"Meseta de Salamanca"
37182;673701;"Meseta de Salamanca"
37183;673701;"Meseta de Salamanca"
37184;673701;"Meseta de Salamanca"
37185;673701;"Meseta de Salamanca"
37186;673701;"Meseta de Salamanca"
37187;673701;"Meseta de Salamanca"
37188;673701;"Meseta de Salamanca"
37189;673702;"Sistema Central de Salamanca"
37190;673701;"Meseta de Salamanca"
37191;673701;"Meseta de Salamanca"
37192;673701;"Meseta de Salamanca"
37193;673703;"Sur de Salamanca"
37194;673703;"Sur de Salamanca"
37195;673703;"Sur de Salamanca"
37196;673703;"Sur de Salamanca"
37197;673702;"Sistema Central de Salamanca"
37198;673701;"Meseta de Salamanca"
37199;673702;"Sistema Central de Salamanca"
37200;673701;"Meseta de Salamanca"
37201;673702;"Sistema Central de Salamanca"
37202;673701;"Meseta de Salamanca"
37203;673701;"Meseta de Salamanca"
37204;673701;"Meseta de Salamanca"
37205;673701;"Meseta de Salamanca"
37206;673701;"Meseta de Salamanca"
37207;673701;"Meseta de Salamanca"
37208;673701;"Meseta de Salamanca"
37209;673701;"Meseta de Salamanca"
37211;673702;"Sistema Central de Salamanca"
37212;673702;"Sistema Central de Salamanca"
37213;673702;"Sistema Central de Salamanca"
37214;673702;"Sistema Central de Salamanca"
37215;673701;"Meseta de Salamanca"
37216;673701;"Meseta de Salamanca"
37217;673702;"Sistema Central de Salamanca"
37218;673701;"Meseta de Salamanca"
37219;673702;"Sistema Central de Salamanca"
37221;673701;"Meseta de Salamanca"
37222;673701;"Meseta de Salamanca"
37223;673701;"Meseta de Salamanca"
37224;673701;"Meseta de Salamanca"
37225;673701;"Meseta de Salamanca"
37226;673701;"Meseta de Salamanca"
37228;673701;"Meseta de Salamanca"
37229;673701;"Meseta de Salamanca"
37230;673701;"Meseta de Salamanca"
37231;673701;"Meseta de Salamanca"
37232;673701;"Meseta de Salamanca"
37233;673701;"Meseta de Salamanca"
37234;673701;"Meseta de Salamanca"
37235;673701;"Meseta de Salamanca"
37236;673701;"Meseta de Salamanca"
37237;673701;"Meseta de Salamanca"
37238;673701;"Meseta de Salamanca"
37239;673701;"Meseta de Salamanca"
37240;673701;"Meseta de Salamanca"
37241;673701;"Meseta de Salamanca"
37242;673701;"Meseta de Salamanca"
37243;673701;"Meseta de Salamanca"
37244;673702;"Sistema Central de Salamanca"
37245;673701;"Meseta de Salamanca"
37246;673701;"Meseta de Salamanca"
37247;673701;"Meseta de Salamanca"
37248;673701;"Meseta de Salamanca"
37249;673701;"Meseta de Salamanca"
37250;673701;"Meseta de Salamanca"
37251;673702;"Sistema Central de Salamanca"
37252;673702;"Sistema Central de Salamanca"
37253;673701;"Meseta de Salamanca"
37254;673701;"Meseta de Salamanca"
37255;673701;"Meseta de Salamanca"
37256;673701;"Meseta de Salamanca"
37257;673701;"Meseta de Salamanca"
37258;673701;"Meseta de Salamanca"
37259;673702;"Sistema Central de Salamanca"
37260;673701;"Meseta de Salamanca"
37261;673701;"Meseta de Salamanca"
37262;673701;"Meseta de Salamanca"
37263;673702;"Sistema Central de Salamanca"
37264;673701;"Meseta de Salamanca"
37265;673701;"Meseta de Salamanca"
37266;673701;"Meseta de Salamanca"
37267;673701;"Meseta de Salamanca"
37268;673702;"Sistema Central de Salamanca"
37269;673701;"Meseta de Salamanca"
37270;673701;"Meseta de Salamanca"
37271;673701;"Meseta de Salamanca"
37272;673701;"Meseta de Salamanca"
37273;673701;"Meseta de Salamanca"
37274;673701;"Meseta de Salamanca"
37275;673701;"Meseta de Salamanca"
37276;673701;"Meseta de Salamanca"
37277;673701;"Meseta de Salamanca"
37278;673701;"Meseta de Salamanca"
37279;673701;"Meseta de Salamanca"
37280;673701;"Meseta de Salamanca"
37281;673701;"Meseta de Salamanca"
37282;673702;"Sistema Central de Salamanca"
37283;673701;"Meseta de Salamanca"
37284;673702;"Sistema Central de Salamanca"
37285;673701;"Meseta de Salamanca"
37286;673702;"Sistema Central de Salamanca"
37287;673702;"Sistema Central de Salamanca"
37288;673701;"Meseta de Salamanca"
37289;673701;"Meseta de Salamanca"
37290;673701;"Meseta de Salamanca"
37291;673701;"Meseta de Salamanca"
37292;673701;"Meseta de Salamanca"
37293;673701;"Meseta de Salamanca"
37294;673701;"Meseta de Salamanca"
37296;673701;"Meseta de Salamanca"
37297;673701;"Meseta de Salamanca"
37298;673702;"Sistema Central de Salamanca"
37299;673701;"Meseta de Salamanca"
37300;673702;"Sistema Central de Salamanca"
37301;673701;"Meseta de Salamanca"
37302;673701;"Meseta de Salamanca"
37303;673701;"Meseta de Salamanca"
37304;673701;"Meseta de Salamanca"
37305;673702;"Sistema Central de Salamanca"
37306;673702;"Sistema Central de Salamanca"
37307;673702;"Sistema Central de Salamanca"
37309;673702;"Sistema Central de Salamanca"
37310;673701;"Meseta de Salamanca"
37311;673701;"Meseta de Salamanca"
37312;673702;"Sistema Central de Salamanca"
37313;673702;"Sistema Central de Salamanca"
37314;673701;"Meseta de Salamanca"
37315;673701;"Meseta de Salamanca"
37316;673701;"Meseta de Salamanca"
37317;673701;"Meseta de Salamanca"
37318;673701;"Meseta de Salamanca"
37319;673701;"Meseta de Salamanca"
37320;673701;"Meseta de Salamanca"
37321;673701;"Meseta de Salamanca"
37322;673701;"Meseta de Salamanca"
37323;673701;"Meseta de Salamanca"
37324;673701;"Meseta de Salamanca"
37325;673703;"Sur de Salamanca"
37327;673701;"Meseta de Salamanca"
37328;673701;"Meseta de Salamanca"
37329;673701;"Meseta de Salamanca"
37330;673701;"Meseta de Salamanca"
37331;673703;"Sur de Salamanca"
37332;673703;"Sur de Salamanca"
37333;673703;"Sur de Salamanca"
37334;673703;"Sur de Salamanca"
37335;673701;"Meseta de Salamanca"
37336;673701;"Meseta de Salamanca"
37337;673701;"Meseta de Salamanca"
37338;673701;"Meseta de Salamanca"
37339;673703;"Sur de Salamanca"
37340;673701;"Meseta de Salamanca"
37341;673703;"Sur de Salamanca"
37342;673701;"Meseta de Salamanca"
37343;673702;"Sistema Central de Salamanca"
37344;673701;"Meseta de Salamanca"
37345;673701;"Meseta de Salamanca"
37346;673702;"Sistema Central de Salamanca"
37347;673701;"Meseta de Salamanca"
37348;673701;"Meseta de Salamanca"
37349;673701;"Meseta de Salamanca"
37350;673701;"Meseta de Salamanca"
37351;673701;"Meseta de Salamanca"
37352;673701;"Meseta de Salamanca"
37353;673701;"Meseta de Salamanca"
37354;673701;"Meseta de Salamanca"
37355;673703;"Sur de Salamanca"
37356;673701;"Meseta de Salamanca"
37357;673701;"Meseta de Salamanca"
37358;673701;"Meseta de Salamanca"
37359;673701;"Meseta de Salamanca"
37360;673701;"Meseta de Salamanca"
37361;673702;"Sistema Central de Salamanca"
37362;673702;"Sistema Central de Salamanca"
37363;673702;"Sistema Central de Salamanca"
37364;673702;"Sistema Central de Salamanca"
37365;673702;"Sistema Central de Salamanca"
37366;673702;"Sistema Central de Salamanca"
37367;673702;"Sistema Central de Salamanca"
37368;673702;"Sistema Central de Salamanca"
37369;673702;"Sistema Central de Salamanca"
37370;673702;"Sistema Central de Salamanca"
37371;673702;"Sistema Central de Salamanca"
37372;673702;"Sistema Central de Salamanca"
37373;673702;"Sistema Central de Salamanca"
37374;673702;"Sistema Central de Salamanca"
37375;673702;"Sistema Central de Salamanca"
37376;673702;"Sistema Central de Salamanca"
37377;673702;"Sistema Central de Salamanca"
37378;673702;"Sistema Central de Salamanca"
37379;673702;"Sistema Central de Salamanca"
37380;673702;"Sistema Central de Salamanca"
37381;673702;"Sistema Central de Salamanca"
37382;673702;"Sistema Central de Salamanca"
38009;659501;"El Hierro"
38030;659501;"El Hierro"
38033;659501;"El Hierro"
39001;663901;"Litoral cántabro"
39002;663903;"Centro y valle de Villaverde"
39003;663903;"Centro y valle de Villaverde"
39004;663903;"Centro y valle de Villaverde"
39005;663901;"Litoral cántabro"
39006;663901;"Litoral cántabro"
39007;663903;"Centro y valle de Villaverde"
39008;663901;"Litoral cántabro"
39009;663901;"Litoral cántabro"
39010;663903;"Centro y valle de Villaverde"
39011;663901;"Litoral cántabro"
39012;663901;"Litoral cántabro"
39013;663902;Liébana
39014;663903;"Centro y valle de Villaverde"
39015;663902;Liébana
39016;663901;"Litoral cántabro"
39017;663903;"Centro y valle de Villaverde"
39018;663901;"Litoral cántabro"
39019;663901;"Litoral cántabro"
39020;663901;"Litoral cántabro"
39021;663903;"Centro y valle de Villaverde"
39022;663902;Liébana
39023;663901;"Litoral cántabro"
39024;663901;"Litoral cántabro"
39025;663903;"Centro y valle de Villaverde"
39026;663903;"Centro y valle de Villaverde"
39027;663904;"Cantabria del Ebro"
39028;663901;"Litoral cántabro"
39029;663901;"Litoral cántabro"
39030;663903;"Centro y valle de Villaverde"
39031;663901;"Litoral cántabro"
39032;663903;"Centro y valle de Villaverde"
39033;663901;"Litoral cántabro"
39034;663904;"Cantabria del Ebro"
39035;663902;Liébana
39036;663902;Liébana
39037;663902;Liébana
39038;663902;Liébana
39039;663904;"Cantabria del Ebro"
39040;663902;Liébana
39041;663904;"Cantabria del Ebro"
39042;663902;Liébana
39043;663902;Liébana
39044;663902;Liébana
39045;663904;"Cantabria del Ebro"
39046;663904;"Cantabria del Ebro"
39047;663902;Liébana
39049;663902;Liébana
39050;663902;Liébana
39051;663904;"Cantabria del Ebro"
39053;663904;"Cantabria del Ebro"
39055;663902;Liébana
39056;663904;"Cantabria del Ebro"
39057;663904;"Cantabria del Ebro"
39058;663904;"Cantabria del Ebro"
39059;663904;"Cantabria del Ebro"
39060;663901;"Litoral cántabro"
39061;663901;"Litoral cántabro"
39062;663901;"Litoral cántabro"
39063;663904;"Cantabria del Ebro"
39064;663901;"Litoral cántabro"
39065;663904;"Cantabria del Ebro"
39066;663904;"Cantabria del Ebro"
39067;663904;"Cantabria del Ebro"
39068;663901;"Litoral cántabro"
39069;663904;"Cantabria del Ebro"
39070;663904;"Cantabria del Ebro"
39071;663904;"Cantabria del Ebro"
39072;663904;"Cantabria del Ebro"
39073;663901;"Litoral cántabro"
39074;663904;"Cantabria del Ebro"
39075;663901;"Litoral cántabro"
39076;663901;"Litoral cántabro"
39077;663903;"Centro y valle de Villaverde"
39078;663903;"Centro y valle de Villaverde"
39079;663901;"Litoral cántabro"
39080;663901;"Litoral cántabro"
39081;663903;"Centro y valle de Villaverde"
39082;663903;"Centro y valle de Villaverde"
39083;663903;"Centro y valle de Villaverde"
39084;663901;"Litoral cántabro"
39085;663901;"Litoral cántabro"
39086;663903;"Centro y valle de Villaverde"
39087;663901;"Litoral cántabro"
39088;663902;Liébana
39089;663903;"Centro y valle de Villaverde"
39090;663901;"Litoral cántabro"
39091;663901;"Litoral cántabro"
39092;663904;"Cantabria del Ebro"
39093;663904;"Cantabria del Ebro"
39094;663904;"Cantabria del Ebro"
39095;663901;"Litoral cántabro"
39096;663902;Liébana
39097;663903;"Centro y valle de Villaverde"
39098;663903;"Centro y valle de Villaverde"
39099;663901;"Litoral cántabro"
39100;663903;"Centro y valle de Villaverde"
39101;663903;"Centro y valle de Villaverde"
39102;663901;"Litoral cántabro"
40001;674001;"Meseta de Segovia"
40002;674002;"Sistema Central de Segovia"
40003;674001;"Meseta de Segovia"
40004;674001;"Meseta de Segovia"
40005;674001;"Meseta de Segovia"
40006;674001;"Meseta de Segovia"
40007;674002;"Sistema Central de Segovia"
40008;674001;"Meseta de Segovia"
40009;674001;"Meseta de Segovia"
40010;674001;"Meseta de Segovia"
40012;674001;"Meseta de Segovia"
40013;674001;"Meseta de Segovia"
40014;674001;"Meseta de Segovia"
40015;674001;"Meseta de Segovia"
40016;674001;"Meseta de Segovia"
40017;674001;"Meseta de Segovia"
40018;674001;"Meseta de Segovia"
40019;674002;"Sistema Central de Segovia"
40020;674002;"Sistema Central de Segovia"
40021;674001;"Meseta de Segovia"
40022;674001;"Meseta de Segovia"
40024;674002;"Sistema Central de Segovia"
40025;674001;"Meseta de Segovia"
40026;674002;"Sistema Central de Segovia"
40028;674001;"Meseta de Segovia"
40029;674001;"Meseta de Segovia"
40030;674001;"Meseta de Segovia"
40031;674002;"Sistema Central de Segovia"
40032;674002;"Sistema Central de Segovia"
40033;674002;"Sistema Central de Segovia"
40034;674002;"Sistema Central de Segovia"
40035;674001;"Meseta de Segovia"
40036;674001;"Meseta de Segovia"
40037;674001;"Meseta de Segovia"
40039;674001;"Meseta de Segovia"
40040;674001;"Meseta de Segovia"
40041;674001;"Meseta de Segovia"
40043;674001;"Meseta de Segovia"
40044;674001;"Meseta de Segovia"
40045;674002;"Sistema Central de Segovia"
40046;674002;"Sistema Central de Segovia"
40047;674001;"Meseta de Segovia"
40048;674001;"Meseta de Segovia"
40049;674002;"Sistema Central de Segovia"
40051;674001;"Meseta de Segovia"
40052;674001;"Meseta de Segovia"
40053;674002;"Sistema Central de Segovia"
40054;674002;"Sistema Central de Segovia"
40055;674001;"Meseta de Segovia"
40056;674001;"Meseta de Segovia"
40057;674001;"Meseta de Segovia"
40058;674001;"Meseta de Segovia"
40059;674002;"Sistema Central de Segovia"
40060;674001;"Meseta de Segovia"
40061;674001;"Meseta de Segovia"
40062;674002;"Sistema Central de Segovia"
40063;674001;"Meseta de Segovia"
40065;674001;"Meseta de Segovia"
40068;674001;"Meseta de Segovia"
40069;674001;"Meseta de Segovia"
40070;674002;"Sistema Central de Segovia"
40071;674001;"Meseta de Segovia"
40072;674001;"Meseta de Segovia"
40073;674001;"Meseta de Segovia"
40074;674001;"Meseta de Segovia"
40075;674001;"Meseta de Segovia"
40076;674002;"Sistema Central de Segovia"
40077;674002;"Sistema Central de Segovia"
40078;674001;"Meseta de Segovia"
40079;674002;"Sistema Central de Segovia"
40080;674001;"Meseta de Segovia"
40081;674001;"Meseta de Segovia"
40082;674001;"Meseta de Segovia"
40083;674001;"Meseta de Segovia"
40084;674001;"Meseta de Segovia"
40086;674001;"Meseta de Segovia"
40087;674001;"Meseta de Segovia"
40088;674001;"Meseta de Segovia"
40089;674001;"Meseta de Segovia"
40091;674001;"Meseta de Segovia"
40092;674001;"Meseta de Segovia"
40093;674002;"Sistema Central de Segovia"
40094;674001;"Meseta de Segovia"
40095;674001;"Meseta de Segovia"
40097;674001;"Meseta de Segovia"
40099;674001;"Meseta de Segovia"
40100;674001;"Meseta de Segovia"
40101;674001;"Meseta de Segovia"
40103;674001;"Meseta de Segovia"
40104;674002;"Sistema Central de Segovia"
40105;674001;"Meseta de Segovia"
40106;674001;"Meseta de Segovia"
40107;674001;"Meseta de Segovia"
40108;674001;"Meseta de Segovia"
40109;674001;"Meseta de Segovia"
40110;674001;"Meseta de Segovia"
40111;674001;"Meseta de Segovia"
40112;674002;"Sistema Central de Segovia"
40113;674002;"Sistema Central de Segovia"
40115;674001;"Meseta de Segovia"
40118;674001;"Meseta de Segovia"
40119;674001;"Meseta de Segovia"
40120;674001;"Meseta de Segovia"
40121;674001;"Meseta de Segovia"
40122;674001;"Meseta de Segovia"
40123;674002;"Sistema Central de Segovia"
40124;674001;"Meseta de Segovia"
40125;674002;"Sistema Central de Segovia"
40126;674001;"Meseta de Segovia"
40127;674001;"Meseta de Segovia"
40128;674001;"Meseta de Segovia"
40129;674001;"Meseta de Segovia"
40130;674001;"Meseta de Segovia"
40131;674001;"Meseta de Segovia"
40132;674001;"Meseta de Segovia"
40134;674001;"Meseta de Segovia"
40135;674001;"Meseta de Segovia"
40136;674001;"Meseta de Segovia"
40138;674001;"Meseta de Segovia"
40139;674002;"Sistema Central de Segovia"
40140;674001;"Meseta de Segovia"
40141;674001;"Meseta de Segovia"
40142;674001;"Meseta de Segovia"
40143;674001;"Meseta de Segovia"
40144;674001;"Meseta de Segovia"
40145;674001;"Meseta de Segovia"
40146;674002;"Sistema Central de Segovia"
40148;674001;"Meseta de Segovia"
40149;674001;"Meseta de Segovia"
40150;674002;"Sistema Central de Segovia"
40151;674001;"Meseta de Segovia"
40152;674002;"Sistema Central de Segovia"
40154;674001;"Meseta de Segovia"
40155;674002;"Sistema Central de Segovia"
40156;674002;"Sistema Central de Segovia"
40157;674002;"Sistema Central de Segovia"
40158;674001;"Meseta de Segovia"
40159;674001;"Meseta de Segovia"
40160;674001;"Meseta de Segovia"
40161;674001;"Meseta de Segovia"
40162;674002;"Sistema Central de Segovia"
40163;674001;"Meseta de Segovia"
40164;674001;"Meseta de Segovia"
40165;674001;"Meseta de Segovia"
40166;674001;"Meseta de Segovia"
40168;674001;"Meseta de Segovia"
40170;674002;"Sistema Central de Segovia"
40171;674002;"Sistema Central de Segovia"
40172;674002;"Sistema Central de Segovia"
40173;674001;"Meseta de Segovia"
40174;674001;"Meseta de Segovia"
40176;674001;"Meseta de Segovia"
40177;674001;"Meseta de Segovia"
40178;674001;"Meseta de Segovia"
40179;674001;"Meseta de Segovia"
40180;674001;"Meseta de Segovia"
40181;674002;"Sistema Central de Segovia"
40182;674001;"Meseta de Segovia"
40183;674001;"Meseta de Segovia"
40184;674002;"Sistema Central de Segovia"
40185;674001;"Meseta de Segovia"
40186;674002;"Sistema Central de Segovia"
40188;674002;"Sistema Central de Segovia"
40189;674001;"Meseta de Segovia"
40190;674002;"Sistema Central de Segovia"
40191;674002;"Sistema Central de Segovia"
40192;674001;"Meseta de Segovia"
40193;674001;"Meseta de Segovia"
40194;674002;"Sistema Central de Segovia"
40195;674001;"Meseta de Segovia"
40196;674002;"Sistema Central de Segovia"
40198;674002;"Sistema Central de Segovia"
40199;674002;"Sistema Central de Segovia"
40200;674002;"Sistema Central de Segovia"
40201;674002;"Sistema Central de Segovia"
40202;674002;"Sistema Central de Segovia"
40203;674002;"Sistema Central de Segovia"
40204;674002;"Sistema Central de Segovia"
40205;674002;"Sistema Central de Segovia"
40206;674002;"Sistema Central de Segovia"
40207;674002;"Sistema Central de Segovia"
40208;674002;"Sistema Central de Segovia"
40210;674002;"Sistema Central de Segovia"
40211;674002;"Sistema Central de Segovia"
40212;674002;"Sistema Central de Segovia"
40213;674002;"Sistema Central de Segovia"
40214;674002;"Sistema Central de Segovia"
40215;674002;"Sistema Central de Segovia"
40216;674002;"Sistema Central de Segovia"
40218;674002;"Sistema Central de Segovia"
40219;674002;"Sistema Central de Segovia"
40220;674002;"Sistema Central de Segovia"
40221;674002;"Sistema Central de Segovia"
40222;674002;"Sistema Central de Segovia"
40223;674002;"Sistema Central de Segovia"
40224;674002;"Sistema Central de Segovia"
40225;674002;"Sistema Central de Segovia"
40228;674002;"Sistema Central de Segovia"
40229;674002;"Sistema Central de Segovia"
40230;674002;"Sistema Central de Segovia"
40231;674002;"Sistema Central de Segovia"
40233;674002;"Sistema Central de Segovia"
40234;674002;"Sistema Central de Segovia"
40901;674002;"Sistema Central de Segovia"
40902;674002;"Sistema Central de Segovia"
40903;674002;"Sistema Central de Segovia"
40904;674002;"Sistema Central de Segovia"
40905;674002;"Sistema Central de Segovia"
40906;674002;"Sistema Central de Segovia"
41001;614103;"Sierra sur de Sevilla"
41002;614101;"Sierra norte de Sevilla"
41003;614102;"Campiña sevillana"
41004;614102;"Campiña sevillana"
41005;614102;"Campiña sevillana"
41006;614102;"Campiña sevillana"
41007;614102;"Campiña sevillana"
41008;614103;"Sierra sur de Sevilla"
41009;614101;"Sierra norte de Sevilla"
41010;614102;"Campiña sevillana"
41011;614102;"Campiña sevillana"
41012;614102;"Campiña sevillana"
41013;614102;"Campiña sevillana"
41014;614103;"Sierra sur de Sevilla"
41015;614102;"Campiña sevillana"
41018;614101;"Sierra norte de Sevilla"
41019;614101;"Sierra norte de Sevilla"
41020;614101;"Sierra norte de Sevilla"
41021;614101;"Sierra norte de Sevilla"
41022;614101;"Sierra norte de Sevilla"
41023;614101;"Sierra norte de Sevilla"
41024;614101;"Sierra norte de Sevilla"
41025;614101;"Sierra norte de Sevilla"
41026;614103;"Sierra sur de Sevilla"
41027;614101;"Sierra norte de Sevilla"
41028;614101;"Sierra norte de Sevilla"
41029;614101;"Sierra norte de Sevilla"
41030;614101;"Sierra norte de Sevilla"
41031;614101;"Sierra norte de Sevilla"
41032;614101;"Sierra norte de Sevilla"
41033;614101;"Sierra norte de Sevilla"
41034;614101;"Sierra norte de Sevilla"
41035;614103;"Sierra sur de Sevilla"
41036;614101;"Sierra norte de Sevilla"
41037;614103;"Sierra sur de Sevilla"
41038;614101;"Sierra norte de Sevilla"
41039;614101;"Sierra norte de Sevilla"
41040;614101;"Sierra norte de Sevilla"
41041;614103;"Sierra sur de Sevilla"
41042;614101;"Sierra norte de Sevilla"
41043;614101;"Sierra norte de Sevilla"
41044;614101;"Sierra norte de Sevilla"
41045;614102;"Campiña sevillana"
41046;614103;"Sierra sur de Sevilla"
41047;614102;"Campiña sevillana"
41048;614101;"Sierra norte de Sevilla"
41049;614102;"Campiña sevillana"
41050;614103;"Sierra sur de Sevilla"
41051;614102;"Campiña sevillana"
41052;614102;"Campiña sevillana"
41053;614102;"Campiña sevillana"
41054;614103;"Sierra sur de Sevilla"
41055;614102;"Campiña sevillana"
41056;614102;"Campiña sevillana"
41057;614101;"Sierra norte de Sevilla"
41058;614102;"Campiña sevillana"
41059;614102;"Campiña sevillana"
41060;614102;"Campiña sevillana"
41061;614102;"Campiña sevillana"
41062;614103;"Sierra sur de Sevilla"
41063;614102;"Campiña sevillana"
41064;614102;"Campiña sevillana"
41065;614103;"Sierra sur de Sevilla"
41066;614101;"Sierra norte de Sevilla"
41067;614103;"Sierra sur de Sevilla"
41068;614103;"Sierra sur de Sevilla"
41069;614103;"Sierra sur de Sevilla"
41070;614103;"Sierra sur de Sevilla"
41071;614103;"Sierra sur de Sevilla"
41072;614103;"Sierra sur de Sevilla"
41073;614101;"Sierra norte de Sevilla"
41074;614103;"Sierra sur de Sevilla"
41075;614103;"Sierra sur de Sevilla"
41076;614103;"Sierra sur de Sevilla"
41077;614103;"Sierra sur de Sevilla"
41078;614101;"Sierra norte de Sevilla"
41079;614103;"Sierra sur de Sevilla"
41080;614101;"Sierra norte de Sevilla"
41081;614103;"Sierra sur de Sevilla"
41082;614103;"Sierra sur de Sevilla"
41083;614101;"Sierra norte de Sevilla"
41084;614103;"Sierra sur de Sevilla"
41085;614103;"Sierra sur de Sevilla"
41086;614103;"Sierra sur de Sevilla"
41087;614103;"Sierra sur de Sevilla"
41088;614101;"Sierra norte de Sevilla"
41089;614103;"Sierra sur de Sevilla"
41090;614103;"Sierra sur de Sevilla"
41091;614103;"Sierra sur de Sevilla"
41092;614103;"Sierra sur de Sevilla"
41093;614103;"Sierra sur de Sevilla"
41094;614103;"Sierra sur de Sevilla"
41095;614103;"Sierra sur de Sevilla"
41096;614103;"Sierra sur de Sevilla"
41097;614103;"Sierra sur de Sevilla"
41098;614103;"Sierra sur de Sevilla"
41099;614103;"Sierra sur de Sevilla"
41100;614103;"Sierra sur de Sevilla"
41101;614103;"Sierra sur de Sevilla"
41102;614103;"Sierra sur de Sevilla"
41901;614103;"Sierra sur de Sevilla"
41902;614103;"Sierra sur de Sevilla"
41903;614103;"Sierra sur de Sevilla"
42001;674201;"Ibérica de Soria"
42003;674203;"Sistema Central de Soria"
42004;674201;"Ibérica de Soria"
42006;674202;"Meseta de Soria"
42007;674202;"Meseta de Soria"
42008;674203;"Sistema Central de Soria"
42009;674202;"Meseta de Soria"
42010;674201;"Ibérica de Soria"
42011;674201;"Ibérica de Soria"
42012;674201;"Ibérica de Soria"
42013;674201;"Ibérica de Soria"
42014;674201;"Ibérica de Soria"
42015;674202;"Meseta de Soria"
42016;674202;"Meseta de Soria"
42017;674201;"Ibérica de Soria"
42018;674202;"Meseta de Soria"
42019;674201;"Ibérica de Soria"
42020;674202;"Meseta de Soria"
42021;674202;"Meseta de Soria"
42022;674201;"Ibérica de Soria"
42023;674203;"Sistema Central de Soria"
42024;674201;"Ibérica de Soria"
42025;674203;"Sistema Central de Soria"
42026;674203;"Sistema Central de Soria"
42027;674201;"Ibérica de Soria"
42028;674201;"Ibérica de Soria"
42029;674203;"Sistema Central de Soria"
42030;674202;"Meseta de Soria"
42031;674203;"Sistema Central de Soria"
42032;674202;"Meseta de Soria"
42033;674202;"Meseta de Soria"
42034;674201;"Ibérica de Soria"
42035;674203;"Sistema Central de Soria"
42036;674202;"Meseta de Soria"
42037;674202;"Meseta de Soria"
42038;674202;"Meseta de Soria"
42039;674201;"Ibérica de Soria"
42041;674202;"Meseta de Soria"
42042;674201;"Ibérica de Soria"
42043;674202;"Meseta de Soria"
42044;674202;"Meseta de Soria"
42045;674201;"Ibérica de Soria"
42046;674201;"Ibérica de Soria"
42048;674203;"Sistema Central de Soria"
42049;674202;"Meseta de Soria"
42050;674202;"Meseta de Soria"
42051;674201;"Ibérica de Soria"
42052;674203;"Sistema Central de Soria"
42053;674203;"Sistema Central de Soria"
42054;674201;"Ibérica de Soria"
42055;674201;"Ibérica de Soria"
42056;674201;"Ibérica de Soria"
42057;674201;"Ibérica de Soria"
42058;674202;"Meseta de Soria"
42059;674202;"Meseta de Soria"
42060;674201;"Ibérica de Soria"
42061;674201;"Ibérica de Soria"
42062;674201;"Ibérica de Soria"
42063;674202;"Meseta de Soria"
42064;674201;"Ibérica de Soria"
42068;674202;"Meseta de Soria"
42070;674201;"Ibérica de Soria"
42071;674202;"Meseta de Soria"
42073;674201;"Ibérica de Soria"
42075;674201;"Ibérica de Soria"
42076;674202;"Meseta de Soria"
42078;674201;"Ibérica de Soria"
42079;674202;"Meseta de Soria"
42080;674201;"Ibérica de Soria"
42081;674201;"Ibérica de Soria"
42082;674201;"Ibérica de Soria"
42083;674202;"Meseta de Soria"
42084;674202;"Meseta de Soria"
42085;674202;"Meseta de Soria"
42086;674202;"Meseta de Soria"
42087;674201;"Ibérica de Soria"
42088;674202;"Meseta de Soria"
42089;674201;"Ibérica de Soria"
42090;674202;"Meseta de Soria"
42092;674201;"Ibérica de Soria"
42093;674201;"Ibérica de Soria"
42094;674201;"Ibérica de Soria"
42095;674201;"Ibérica de Soria"
42096;674202;"Meseta de Soria"
42097;674202;"Meseta de Soria"
42098;674201;"Ibérica de Soria"
42100;674201;"Ibérica de Soria"
42103;674202;"Meseta de Soria"
42105;674203;"Sistema Central de Soria"
42106;674201;"Ibérica de Soria"
42107;674201;"Ibérica de Soria"
42108;674202;"Meseta de Soria"
42110;674201;"Ibérica de Soria"
42111;674203;"Sistema Central de Soria"
42113;674203;"Sistema Central de Soria"
42115;674203;"Sistema Central de Soria"
42116;674203;"Sistema Central de Soria"
42117;674201;"Ibérica de Soria"
42118;674203;"Sistema Central de Soria"
42119;674203;"Sistema Central de Soria"
42120;674203;"Sistema Central de Soria"
42121;674201;"Ibérica de Soria"
42123;674203;"Sistema Central de Soria"
42124;674201;"Ibérica de Soria"
42125;674201;"Ibérica de Soria"
42127;674203;"Sistema Central de Soria"
42128;674201;"Ibérica de Soria"
42129;674201;"Ibérica de Soria"
42130;674203;"Sistema Central de Soria"
42131;674203;"Sistema Central de Soria"
42132;674201;"Ibérica de Soria"
42134;674201;"Ibérica de Soria"
42135;674201;"Ibérica de Soria"
42139;674201;"Ibérica de Soria"
42140;674201;"Ibérica de Soria"
42141;674201;"Ibérica de Soria"
42142;674201;"Ibérica de Soria"
42144;674203;"Sistema Central de Soria"
42145;674203;"Sistema Central de Soria"
42148;674201;"Ibérica de Soria"
42149;674203;"Sistema Central de Soria"
42151;674201;"Ibérica de Soria"
42152;674203;"Sistema Central de Soria"
42153;674203;"Sistema Central de Soria"
42154;674201;"Ibérica de Soria"
42155;674203;"Sistema Central de Soria"
42156;674201;"Ibérica de Soria"
42157;674203;"Sistema Central de Soria"
42158;674203;"Sistema Central de Soria"
42159;674201;"Ibérica de Soria"
42160;674202;"Meseta de Soria"
42161;674202;"Meseta de Soria"
42162;674203;"Sistema Central de Soria"
42163;674202;"Meseta de Soria"
42164;674202;"Meseta de Soria"
42165;674202;"Meseta de Soria"
42166;674202;"Meseta de Soria"
42167;674203;"Sistema Central de Soria"
42168;674202;"Meseta de Soria"
42171;674203;"Sistema Central de Soria"
42172;674203;"Sistema Central de Soria"
42173;674202;"Meseta de Soria"
42174;674202;"Meseta de Soria"
42175;674202;"Meseta de Soria"
42176;674202;"Meseta de Soria"
42177;674203;"Sistema Central de Soria"
42178;674202;"Meseta de Soria"
42181;674203;"Sistema Central de Soria"
42182;674203;"Sistema Central de Soria"
42183;674203;"Sistema Central de Soria"
42184;674203;"Sistema Central de Soria"
42185;674203;"Sistema Central de Soria"
42187;674202;"Meseta de Soria"
42188;674202;"Meseta de Soria"
42189;674203;"Sistema Central de Soria"
42190;674202;"Meseta de Soria"
42191;674202;"Meseta de Soria"
42192;674202;"Meseta de Soria"
42193;674202;"Meseta de Soria"
42194;674203;"Sistema Central de Soria"
42195;674202;"Meseta de Soria"
42196;674202;"Meseta de Soria"
42197;674202;"Meseta de Soria"
42198;674202;"Meseta de Soria"
42200;674202;"Meseta de Soria"
42201;674202;"Meseta de Soria"
42202;674202;"Meseta de Soria"
42204;674202;"Meseta de Soria"
42205;674202;"Meseta de Soria"
42206;674202;"Meseta de Soria"
42207;674202;"Meseta de Soria"
42208;674202;"Meseta de Soria"
42209;674202;"Meseta de Soria"
42211;674202;"Meseta de Soria"
42212;674203;"Sistema Central de Soria"
42213;674202;"Meseta de Soria"
42215;674202;"Meseta de Soria"
42216;674201;"Ibérica de Soria"
42217;674201;"Ibérica de Soria"
42218;674201;"Ibérica de Soria"
42219;674203;"Sistema Central de Soria"
43001;694302;"Prelitoral norte de Tarragona"
43002;694303;"Litoral norte de Tarragona"
43003;694305;"Prelitoral sur de Tarragona"
43004;694304;"Litoral sur de Tarragona"
43005;694302;"Prelitoral norte de Tarragona"
43006;694305;"Prelitoral sur de Tarragona"
43007;694302;"Prelitoral norte de Tarragona"
43008;694305;"Prelitoral sur de Tarragona"
43009;694305;"Prelitoral sur de Tarragona"
43010;694302;"Prelitoral norte de Tarragona"
43011;694302;"Prelitoral norte de Tarragona"
43012;694303;"Litoral norte de Tarragona"
43013;694304;"Litoral sur de Tarragona"
43014;694304;"Litoral sur de Tarragona"
43015;694305;"Prelitoral sur de Tarragona"
43016;694303;"Litoral norte de Tarragona"
43017;694305;"Prelitoral sur de Tarragona"
43018;694301;"Depresión central de Tarragona"
43019;694301;"Depresión central de Tarragona"
43020;694303;"Litoral norte de Tarragona"
43022;694301;"Depresión central de Tarragona"
43023;694305;"Prelitoral sur de Tarragona"
43024;694303;"Litoral norte de Tarragona"
43025;694305;"Prelitoral sur de Tarragona"
43026;694305;"Prelitoral sur de Tarragona"
43027;694305;"Prelitoral sur de Tarragona"
43028;694303;"Litoral norte de Tarragona"
43030;694303;"Litoral norte de Tarragona"
43031;694305;"Prelitoral sur de Tarragona"
43032;694301;"Depresión central de Tarragona"
43033;694305;"Prelitoral sur de Tarragona"
43034;694301;"Depresión central de Tarragona"
43035;694305;"Prelitoral sur de Tarragona"
43036;694301;"Depresión central de Tarragona"
43037;694304;"Litoral sur de Tarragona"
43038;694304;"Litoral sur de Tarragona"
43039;694305;"Prelitoral sur de Tarragona"
43040;694305;"Prelitoral sur de Tarragona"
43041;694301;"Depresión central de Tarragona"
43042;694301;"Depresión central de Tarragona"
43043;694304;"Litoral sur de Tarragona"
43044;694305;"Prelitoral sur de Tarragona"
43045;694305;"Prelitoral sur de Tarragona"
43046;694301;"Depresión central de Tarragona"
43047;694304;"Litoral sur de Tarragona"
43048;694301;"Depresión central de Tarragona"
43049;694304;"Litoral sur de Tarragona"
43050;694304;"Litoral sur de Tarragona"
43051;694304;"Litoral sur de Tarragona"
43052;694304;"Litoral sur de Tarragona"
43053;694304;"Litoral sur de Tarragona"
43054;694301;"Depresión central de Tarragona"
43055;694304;"Litoral sur de Tarragona"
43056;694301;"Depresión central de Tarragona"
43057;694304;"Litoral sur de Tarragona"
43058;694304;"Litoral sur de Tarragona"
43059;694301;"Depresión central de Tarragona"
43060;694301;"Depresión central de Tarragona"
43061;694301;"Depresión central de Tarragona"
43062;694304;"Litoral sur de Tarragona"
43063;694304;"Litoral sur de Tarragona"
43064;694301;"Depresión central de Tarragona"
43065;694304;"Litoral sur de Tarragona"
43066;694304;"Litoral sur de Tarragona"
43067;694304;"Litoral sur de Tarragona"
43068;694304;"Litoral sur de Tarragona"
43069;694304;"Litoral sur de Tarragona"
43070;694304;"Litoral sur de Tarragona"
43071;694301;"Depresión central de Tarragona"
43072;694304;"Litoral sur de Tarragona"
43073;694301;"Depresión central de Tarragona"
43074;694304;"Litoral sur de Tarragona"
43075;694304;"Litoral sur de Tarragona"
43076;694304;"Litoral sur de Tarragona"
43077;694304;"Litoral sur de Tarragona"
43078;694304;"Litoral sur de Tarragona"
43079;694304;"Litoral sur de Tarragona"
43080;694301;"Depresión central de Tarragona"
43081;694301;"Depresión central de Tarragona"
43082;694305;"Prelitoral sur de Tarragona"
43083;694301;"Depresión central de Tarragona"
43084;694305;"Prelitoral sur de Tarragona"
43085;694305;"Prelitoral sur de Tarragona"
43086;694301;"Depresión central de Tarragona"
43088;694304;"Litoral sur de Tarragona"
43089;694304;"Litoral sur de Tarragona"
43090;694301;"Depresión central de Tarragona"
43091;694305;"Prelitoral sur de Tarragona"
43092;694304;"Litoral sur de Tarragona"
43093;694305;"Prelitoral sur de Tarragona"
43094;694305;"Prelitoral sur de Tarragona"
43095;694304;"Litoral sur de Tarragona"
43096;694305;"Prelitoral sur de Tarragona"
43097;694304;"Litoral sur de Tarragona"
43098;694301;"Depresión central de Tarragona"
43099;694301;"Depresión central de Tarragona"
43100;694304;"Litoral sur de Tarragona"
43101;694301;"Depresión central de Tarragona"
43102;694305;"Prelitoral sur de Tarragona"
43103;694302;"Prelitoral norte de Tarragona"
43104;694304;"Litoral sur de Tarragona"
43105;694301;"Depresión central de Tarragona"
43106;694305;"Prelitoral sur de Tarragona"
43107;694301;"Depresión central de Tarragona"
43108;694301;"Depresión central de Tarragona"
43109;694302;"Prelitoral norte de Tarragona"
43110;694301;"Depresión central de Tarragona"
43111;694302;"Prelitoral norte de Tarragona"
43112;694305;"Prelitoral sur de Tarragona"
43113;694301;"Depresión central de Tarragona"
43114;694305;"Prelitoral sur de Tarragona"
43115;694305;"Prelitoral sur de Tarragona"
43116;694305;"Prelitoral sur de Tarragona"
43117;694301;"Depresión central de Tarragona"
43118;694305;"Prelitoral sur de Tarragona"
43119;694301;"Depresión central de Tarragona"
43120;694301;"Depresión central de Tarragona"
43121;694305;"Prelitoral sur de Tarragona"
43122;694301;"Depresión central de Tarragona"
43123;694302;"Prelitoral norte de Tarragona"
43124;694305;"Prelitoral sur de Tarragona"
43125;694301;"Depresión central de Tarragona"
43126;694302;"Prelitoral norte de Tarragona"
43127;694305;"Prelitoral sur de Tarragona"
43128;694305;"Prelitoral sur de Tarragona"
43129;694304;"Litoral sur de Tarragona"
43130;694301;"Depresión central de Tarragona"
43131;694302;"Prelitoral norte de Tarragona"
43132;694302;"Prelitoral norte de Tarragona"
43133;694305;"Prelitoral sur de Tarragona"
43134;694302;"Prelitoral norte de Tarragona"
43135;694302;"Prelitoral norte de Tarragona"
43136;694304;"Litoral sur de Tarragona"
43137;694302;"Prelitoral norte de Tarragona"
43138;694304;"Litoral sur de Tarragona"
43139;694302;"Prelitoral norte de Tarragona"
43140;694302;"Prelitoral norte de Tarragona"
43141;694302;"Prelitoral norte de Tarragona"
43142;694302;"Prelitoral norte de Tarragona"
43143;694302;"Prelitoral norte de Tarragona"
43144;694302;"Prelitoral norte de Tarragona"
43145;694302;"Prelitoral norte de Tarragona"
43146;694302;"Prelitoral norte de Tarragona"
43147;694302;"Prelitoral norte de Tarragona"
43148;694302;"Prelitoral norte de Tarragona"
43149;694305;"Prelitoral sur de Tarragona"
43150;694305;"Prelitoral sur de Tarragona"
43151;694305;"Prelitoral sur de Tarragona"
43152;694301;"Depresión central de Tarragona"
43153;694303;"Litoral norte de Tarragona"
43154;694305;"Prelitoral sur de Tarragona"
43155;694305;"Prelitoral sur de Tarragona"
43156;694304;"Litoral sur de Tarragona"
43157;694305;"Prelitoral sur de Tarragona"
43158;694302;"Prelitoral norte de Tarragona"
43159;694302;"Prelitoral norte de Tarragona"
43160;694302;"Prelitoral norte de Tarragona"
43161;694302;"Prelitoral norte de Tarragona"
43162;694304;"Litoral sur de Tarragona"
43163;694303;"Litoral norte de Tarragona"
43164;694303;"Litoral norte de Tarragona"
43165;694302;"Prelitoral norte de Tarragona"
43166;694302;"Prelitoral norte de Tarragona"
43167;694304;"Litoral sur de Tarragona"
43168;694305;"Prelitoral sur de Tarragona"
43169;694305;"Prelitoral sur de Tarragona"
43170;694302;"Prelitoral norte de Tarragona"
43171;694303;"Litoral norte de Tarragona"
43172;694302;"Prelitoral norte de Tarragona"
43173;694305;"Prelitoral sur de Tarragona"
43174;694305;"Prelitoral sur de Tarragona"
43175;694301;"Depresión central de Tarragona"
43176;694302;"Prelitoral norte de Tarragona"
43177;694301;"Depresión central de Tarragona"
43178;694304;"Litoral sur de Tarragona"
43901;694304;"Litoral sur de Tarragona"
43902;694304;"Litoral sur de Tarragona"
43903;694304;"Litoral sur de Tarragona"
43904;694304;"Litoral sur de Tarragona"
43905;694303;"Litoral norte de Tarragona"
43906;694304;"Litoral sur de Tarragona"
43907;694303;"Litoral norte de Tarragona"
44001;624401;"Albarracín y Jiloca"
44002;624402;"Gúdar y Maestrazgo"
44003;624401;"Albarracín y Jiloca"
44004;624403;"Bajo Aragón de Teruel"
44005;624401;"Albarracín y Jiloca"
44006;624403;"Bajo Aragón de Teruel"
44007;624401;"Albarracín y Jiloca"
44008;624403;"Bajo Aragón de Teruel"
44009;624401;"Albarracín y Jiloca"
44010;624402;"Gúdar y Maestrazgo"
44011;624402;"Gúdar y Maestrazgo"
44012;624402;"Gúdar y Maestrazgo"
44013;624403;"Bajo Aragón de Teruel"
44014;624403;"Bajo Aragón de Teruel"
44016;624401;"Albarracín y Jiloca"
44017;624402;"Gúdar y Maestrazgo"
44018;624401;"Albarracín y Jiloca"
44019;624401;"Albarracín y Jiloca"
44020;624401;"Albarracín y Jiloca"
44021;624402;"Gúdar y Maestrazgo"
44022;624403;"Bajo Aragón de Teruel"
44023;624401;"Albarracín y Jiloca"
44024;624402;"Gúdar y Maestrazgo"
44025;624403;"Bajo Aragón de Teruel"
44026;624402;"Gúdar y Maestrazgo"
44027;624403;"Bajo Aragón de Teruel"
44028;624401;"Albarracín y Jiloca"
44029;624403;"Bajo Aragón de Teruel"
44031;624403;"Bajo Aragón de Teruel"
44032;624401;"Albarracín y Jiloca"
44033;624401;"Albarracín y Jiloca"
44034;624401;"Albarracín y Jiloca"
44035;624401;"Albarracín y Jiloca"
44036;624401;"Albarracín y Jiloca"
44037;624403;"Bajo Aragón de Teruel"
44038;624403;"Bajo Aragón de Teruel"
44039;624401;"Albarracín y Jiloca"
44040;624403;"Bajo Aragón de Teruel"
44041;624401;"Albarracín y Jiloca"
44042;624401;"Albarracín y Jiloca"
44043;624402;"Gúdar y Maestrazgo"
44044;624402;"Gúdar y Maestrazgo"
44045;624401;"Albarracín y Jiloca"
44046;624401;"Albarracín y Jiloca"
44047;624401;"Albarracín y Jiloca"
44048;624402;"Gúdar y Maestrazgo"
44049;624403;"Bajo Aragón de Teruel"
44050;624401;"Albarracín y Jiloca"
44051;624403;"Bajo Aragón de Teruel"
44052;624401;"Albarracín y Jiloca"
44053;624401;"Albarracín y Jiloca"
44054;624402;"Gúdar y Maestrazgo"
44055;624401;"Albarracín y Jiloca"
44056;624401;"Albarracín y Jiloca"
44059;624402;"Gúdar y Maestrazgo"
44060;624402;"Gúdar y Maestrazgo"
44061;624403;"Bajo Aragón de Teruel"
44063;624402;"Gúdar y Maestrazgo"
44065;624401;"Albarracín y Jiloca"
44066;624402;"Gúdar y Maestrazgo"
44067;624403;"Bajo Aragón de Teruel"
44068;624403;"Bajo Aragón de Teruel"
44070;624402;"Gúdar y Maestrazgo"
44071;624402;"Gúdar y Maestrazgo"
44074;624401;"Albarracín y Jiloca"
44075;624401;"Albarracín y Jiloca"
44076;624401;"Albarracín y Jiloca"
44077;624403;"Bajo Aragón de Teruel"
44080;624403;"Bajo Aragón de Teruel"
44082;624401;"Albarracín y Jiloca"
44084;624402;"Gúdar y Maestrazgo"
44085;624401;"Albarracín y Jiloca"
44086;624403;"Bajo Aragón de Teruel"
44087;624403;"Bajo Aragón de Teruel"
44088;624402;"Gúdar y Maestrazgo"
44089;624401;"Albarracín y Jiloca"
44090;624401;"Albarracín y Jiloca"
44092;624401;"Albarracín y Jiloca"
44093;624402;"Gúdar y Maestrazgo"
44094;624401;"Albarracín y Jiloca"
44096;624403;"Bajo Aragón de Teruel"
44097;624401;"Albarracín y Jiloca"
44099;624402;"Gúdar y Maestrazgo"
44100;624403;"Bajo Aragón de Teruel"
44101;624401;"Albarracín y Jiloca"
44102;624401;"Albarracín y Jiloca"
44103;624402;"Gúdar y Maestrazgo"
44105;624403;"Bajo Aragón de Teruel"
44106;624402;"Gúdar y Maestrazgo"
44107;624403;"Bajo Aragón de Teruel"
44108;624403;"Bajo Aragón de Teruel"
44109;624401;"Albarracín y Jiloca"
44110;624402;"Gúdar y Maestrazgo"
44111;624401;"Albarracín y Jiloca"
44112;624401;"Albarracín y Jiloca"
44113;624402;"Gúdar y Maestrazgo"
44114;624403;"Bajo Aragón de Teruel"
44115;624401;"Albarracín y Jiloca"
44116;624403;"Bajo Aragón de Teruel"
44117;624401;"Albarracín y Jiloca"
44118;624403;"Bajo Aragón de Teruel"
44119;624401;"Albarracín y Jiloca"
44120;624401;"Albarracín y Jiloca"
44121;624402;"Gúdar y Maestrazgo"
44122;624403;"Bajo Aragón de Teruel"
44123;624402;"Gúdar y Maestrazgo"
44124;624402;"Gúdar y Maestrazgo"
44125;624402;"Gúdar y Maestrazgo"
44126;624402;"Gúdar y Maestrazgo"
44127;624401;"Albarracín y Jiloca"
44128;624402;"Gúdar y Maestrazgo"
44129;624403;"Bajo Aragón de Teruel"
44130;624401;"Albarracín y Jiloca"
44131;624402;"Gúdar y Maestrazgo"
44132;624401;"Albarracín y Jiloca"
44133;624401;"Albarracín y Jiloca"
44135;624401;"Albarracín y Jiloca"
44136;624401;"Albarracín y Jiloca"
44137;624402;"Gúdar y Maestrazgo"
44138;624401;"Albarracín y Jiloca"
44141;624403;"Bajo Aragón de Teruel"
44142;624402;"Gúdar y Maestrazgo"
44143;624402;"Gúdar y Maestrazgo"
44144;624402;"Gúdar y Maestrazgo"
44145;624403;"Bajo Aragón de Teruel"
44146;624403;"Bajo Aragón de Teruel"
44147;624403;"Bajo Aragón de Teruel"
44148;624402;"Gúdar y Maestrazgo"
44149;624402;"Gúdar y Maestrazgo"
44150;624402;"Gúdar y Maestrazgo"
44151;624402;"Gúdar y Maestrazgo"
44152;624401;"Albarracín y Jiloca"
44153;624401;"Albarracín y Jiloca"
44154;624403;"Bajo Aragón de Teruel"
44155;624402;"Gúdar y Maestrazgo"
44156;624401;"Albarracín y Jiloca"
44157;624401;"Albarracín y Jiloca"
44158;624402;"Gúdar y Maestrazgo"
44159;624401;"Albarracín y Jiloca"
44160;624402;"Gúdar y Maestrazgo"
44161;624402;"Gúdar y Maestrazgo"
44163;624401;"Albarracín y Jiloca"
44164;624401;"Albarracín y Jiloca"
44165;624402;"Gúdar y Maestrazgo"
44167;624402;"Gúdar y Maestrazgo"
44168;624401;"Albarracín y Jiloca"
44169;624401;"Albarracín y Jiloca"
44171;624402;"Gúdar y Maestrazgo"
44172;624403;"Bajo Aragón de Teruel"
44173;624403;"Bajo Aragón de Teruel"
44174;624401;"Albarracín y Jiloca"
44175;624401;"Albarracín y Jiloca"
44176;624402;"Gúdar y Maestrazgo"
44177;624401;"Albarracín y Jiloca"
44178;624403;"Bajo Aragón de Teruel"
44179;624403;"Bajo Aragón de Teruel"
44180;624401;"Albarracín y Jiloca"
44181;624401;"Albarracín y Jiloca"
44182;624401;"Albarracín y Jiloca"
44183;624402;"Gúdar y Maestrazgo"
44184;624402;"Gúdar y Maestrazgo"
44185;624401;"Albarracín y Jiloca"
44187;624403;"Bajo Aragón de Teruel"
44189;624401;"Albarracín y Jiloca"
44190;624401;"Albarracín y Jiloca"
44191;624403;"Bajo Aragón de Teruel"
44192;624402;"Gúdar y Maestrazgo"
44193;624402;"Gúdar y Maestrazgo"
44194;624403;"Bajo Aragón de Teruel"
44195;624401;"Albarracín y Jiloca"
44196;624401;"Albarracín y Jiloca"
44197;624401;"Albarracín y Jiloca"
44198;624401;"Albarracín y Jiloca"
44199;624401;"Albarracín y Jiloca"
44200;624401;"Albarracín y Jiloca"
44201;624402;"Gúdar y Maestrazgo"
44203;624402;"Gúdar y Maestrazgo"
44204;624401;"Albarracín y Jiloca"
44205;624403;"Bajo Aragón de Teruel"
44206;624402;"Gúdar y Maestrazgo"
44207;624402;"Gúdar y Maestrazgo"
44208;624402;"Gúdar y Maestrazgo"
44209;624402;"Gúdar y Maestrazgo"
44210;624402;"Gúdar y Maestrazgo"
44211;624402;"Gúdar y Maestrazgo"
44212;624403;"Bajo Aragón de Teruel"
44213;624402;"Gúdar y Maestrazgo"
44215;624402;"Gúdar y Maestrazgo"
44216;624402;"Gúdar y Maestrazgo"
44217;624402;"Gúdar y Maestrazgo"
44218;624402;"Gúdar y Maestrazgo"
44219;624402;"Gúdar y Maestrazgo"
44220;624402;"Gúdar y Maestrazgo"
44221;624403;"Bajo Aragón de Teruel"
44222;624402;"Gúdar y Maestrazgo"
44223;624403;"Bajo Aragón de Teruel"
44224;624402;"Gúdar y Maestrazgo"
44225;624403;"Bajo Aragón de Teruel"
44226;624402;"Gúdar y Maestrazgo"
44227;624401;"Albarracín y Jiloca"
44228;624401;"Albarracín y Jiloca"
44229;624401;"Albarracín y Jiloca"
44230;624403;"Bajo Aragón de Teruel"
44231;624402;"Gúdar y Maestrazgo"
44232;624401;"Albarracín y Jiloca"
44234;624401;"Albarracín y Jiloca"
44235;624401;"Albarracín y Jiloca"
44236;624402;"Gúdar y Maestrazgo"
44237;624403;"Bajo Aragón de Teruel"
44238;624402;"Gúdar y Maestrazgo"
44239;624401;"Albarracín y Jiloca"
44240;624402;"Gúdar y Maestrazgo"
44241;624403;"Bajo Aragón de Teruel"
44243;624401;"Albarracín y Jiloca"
44244;624402;"Gúdar y Maestrazgo"
44245;624403;"Bajo Aragón de Teruel"
44246;624403;"Bajo Aragón de Teruel"
44247;624403;"Bajo Aragón de Teruel"
44249;624401;"Albarracín y Jiloca"
44250;624401;"Albarracín y Jiloca"
44251;624401;"Albarracín y Jiloca"
44252;624401;"Albarracín y Jiloca"
44256;624402;"Gúdar y Maestrazgo"
44257;624401;"Albarracín y Jiloca"
44258;624401;"Albarracín y Jiloca"
44260;624402;"Gúdar y Maestrazgo"
44261;624401;"Albarracín y Jiloca"
44262;624402;"Gúdar y Maestrazgo"
44263;624401;"Albarracín y Jiloca"
44264;624401;"Albarracín y Jiloca"
44265;624403;"Bajo Aragón de Teruel"
44266;624401;"Albarracín y Jiloca"
44267;624402;"Gúdar y Maestrazgo"
44268;624402;"Gúdar y Maestrazgo"
45001;684503;"Montes de Toledo"
45002;684502;"Valle del Tajo"
45003;684502;"Valle del Tajo"
45004;684502;"Valle del Tajo"
45005;684502;"Valle del Tajo"
45006;684502;"Valle del Tajo"
45008;684501;"Sierra de San Vicente"
45010;684501;"Sierra de San Vicente"
45011;684501;"Sierra de San Vicente"
45012;684503;"Montes de Toledo"
45013;684501;"Sierra de San Vicente"
45014;684501;"Sierra de San Vicente"
45015;684501;"Sierra de San Vicente"
45016;684503;"Montes de Toledo"
45017;684501;"Sierra de San Vicente"
45018;684501;"Sierra de San Vicente"
45019;684501;"Sierra de San Vicente"
45020;684501;"Sierra de San Vicente"
45021;684501;"Sierra de San Vicente"
45022;684501;"Sierra de San Vicente"
45023;684503;"Montes de Toledo"
45024;684501;"Sierra de San Vicente"
45025;684501;"Sierra de San Vicente"
45026;684504;"La Mancha toledana"
45027;684504;"La Mancha toledana"
45028;684501;"Sierra de San Vicente"
45029;684501;"Sierra de San Vicente"
45030;684501;"Sierra de San Vicente"
45031;684501;"Sierra de San Vicente"
45032;684501;"Sierra de San Vicente"
45033;684503;"Montes de Toledo"
45034;684504;"La Mancha toledana"
45035;684501;"Sierra de San Vicente"
45036;684501;"Sierra de San Vicente"
45037;684501;"Sierra de San Vicente"
45038;684501;"Sierra de San Vicente"
45039;684501;"Sierra de San Vicente"
45040;684501;"Sierra de San Vicente"
45041;684501;"Sierra de San Vicente"
45042;684503;"Montes de Toledo"
45043;684501;"Sierra de San Vicente"
45045;684502;"Valle del Tajo"
45046;684502;"Valle del Tajo"
45047;684502;"Valle del Tajo"
45048;684502;"Valle del Tajo"
45049;684502;"Valle del Tajo"
45050;684504;"La Mancha toledana"
45051;684502;"Valle del Tajo"
45052;684504;"La Mancha toledana"
45053;684504;"La Mancha toledana"
45054;684504;"La Mancha toledana"
45055;684504;"La Mancha toledana"
45056;684502;"Valle del Tajo"
45057;684504;"La Mancha toledana"
45058;684502;"Valle del Tajo"
45059;684504;"La Mancha toledana"
45060;684502;"Valle del Tajo"
45061;684502;"Valle del Tajo"
45062;684502;"Valle del Tajo"
45063;684504;"La Mancha toledana"
45064;684502;"Valle del Tajo"
45065;684502;"Valle del Tajo"
45066;684502;"Valle del Tajo"
45067;684504;"La Mancha toledana"
45068;684501;"Sierra de San Vicente"
45069;684502;"Valle del Tajo"
45070;684502;"Valle del Tajo"
45071;684504;"La Mancha toledana"
45072;684502;"Valle del Tajo"
45073;684502;"Valle del Tajo"
45074;684501;"Sierra de San Vicente"
45075;684504;"La Mancha toledana"
45076;684502;"Valle del Tajo"
45077;684502;"Valle del Tajo"
45078;684504;"La Mancha toledana"
45079;684501;"Sierra de San Vicente"
45080;684502;"Valle del Tajo"
45081;684502;"Valle del Tajo"
45082;684502;"Valle del Tajo"
45083;684504;"La Mancha toledana"
45084;684504;"La Mancha toledana"
45085;684502;"Valle del Tajo"
45086;684502;"Valle del Tajo"
45087;684504;"La Mancha toledana"
45088;684502;"Valle del Tajo"
45089;684502;"Valle del Tajo"
45090;684504;"La Mancha toledana"
45091;684502;"Valle del Tajo"
45092;684504;"La Mancha toledana"
45093;684501;"Sierra de San Vicente"
45094;684504;"La Mancha toledana"
45095;684502;"Valle del Tajo"
45096;684504;"La Mancha toledana"
45097;684502;"Valle del Tajo"
45098;684504;"La Mancha toledana"
45099;684502;"Valle del Tajo"
45100;684502;"Valle del Tajo"
45101;684504;"La Mancha toledana"
45102;684502;"Valle del Tajo"
45103;684502;"Valle del Tajo"
45104;684502;"Valle del Tajo"
45105;684501;"Sierra de San Vicente"
45106;684504;"La Mancha toledana"
45107;684502;"Valle del Tajo"
45108;684502;"Valle del Tajo"
45109;684502;"Valle del Tajo"
45110;684502;"Valle del Tajo"
45111;684502;"Valle del Tajo"
45112;684502;"Valle del Tajo"
45113;684502;"Valle del Tajo"
45114;684501;"Sierra de San Vicente"
45115;684504;"La Mancha toledana"
45116;684502;"Valle del Tajo"
45117;684501;"Sierra de San Vicente"
45118;684502;"Valle del Tajo"
45119;684502;"Valle del Tajo"
45120;684501;"Sierra de San Vicente"
45121;684504;"La Mancha toledana"
45122;684502;"Valle del Tajo"
45123;684504;"La Mancha toledana"
45124;684504;"La Mancha toledana"
45125;684502;"Valle del Tajo"
45126;684502;"Valle del Tajo"
45127;684502;"Valle del Tajo"
45128;684502;"Valle del Tajo"
45129;684501;"Sierra de San Vicente"
45130;684502;"Valle del Tajo"
45131;684501;"Sierra de San Vicente"
45132;684502;"Valle del Tajo"
45133;684502;"Valle del Tajo"
45134;684502;"Valle del Tajo"
45135;684504;"La Mancha toledana"
45136;684502;"Valle del Tajo"
45137;684502;"Valle del Tajo"
45138;684502;"Valle del Tajo"
45139;684502;"Valle del Tajo"
45140;684502;"Valle del Tajo"
45141;684504;"La Mancha toledana"
45142;684504;"La Mancha toledana"
45143;684502;"Valle del Tajo"
45144;684501;"Sierra de San Vicente"
45145;684502;"Valle del Tajo"
45146;684502;"Valle del Tajo"
45147;684502;"Valle del Tajo"
45148;684502;"Valle del Tajo"
45149;684504;"La Mancha toledana"
45150;684502;"Valle del Tajo"
45151;684502;"Valle del Tajo"
45152;684502;"Valle del Tajo"
45153;684502;"Valle del Tajo"
45154;684502;"Valle del Tajo"
45155;684502;"Valle del Tajo"
45156;684504;"La Mancha toledana"
45157;684502;"Valle del Tajo"
45158;684502;"Valle del Tajo"
45159;684501;"Sierra de San Vicente"
45160;684502;"Valle del Tajo"
45161;684502;"Valle del Tajo"
45162;684502;"Valle del Tajo"
45163;684503;"Montes de Toledo"
45164;684501;"Sierra de San Vicente"
45165;684502;"Valle del Tajo"
45166;684504;"La Mancha toledana"
45167;684504;"La Mancha toledana"
45168;684502;"Valle del Tajo"
45169;684502;"Valle del Tajo"
45170;684503;"Montes de Toledo"
45171;684502;"Valle del Tajo"
45172;684502;"Valle del Tajo"
45173;684502;"Valle del Tajo"
45174;684503;"Montes de Toledo"
45175;684504;"La Mancha toledana"
45176;684502;"Valle del Tajo"
45177;684504;"La Mancha toledana"
45179;684502;"Valle del Tajo"
45180;684502;"Valle del Tajo"
45181;684502;"Valle del Tajo"
45182;684503;"Montes de Toledo"
45183;684502;"Valle del Tajo"
45184;684502;"Valle del Tajo"
45185;684504;"La Mancha toledana"
45186;684504;"La Mancha toledana"
45187;684504;"La Mancha toledana"
45188;684502;"Valle del Tajo"
45189;684502;"Valle del Tajo"
45190;684504;"La Mancha toledana"
45191;684504;"La Mancha toledana"
45192;684504;"La Mancha toledana"
45193;684504;"La Mancha toledana"
45194;684502;"Valle del Tajo"
45195;684504;"La Mancha toledana"
45196;684502;"Valle del Tajo"
45197;684504;"La Mancha toledana"
45198;684504;"La Mancha toledana"
45199;684502;"Valle del Tajo"
45200;684503;"Montes de Toledo"
45201;684502;"Valle del Tajo"
45202;684504;"La Mancha toledana"
45203;684502;"Valle del Tajo"
45204;684502;"Valle del Tajo"
45205;684502;"Valle del Tajo"
45901;684502;"Valle del Tajo"
46001;774601;"Interior norte de Valencia"
46002;774604;"Litoral sur de Valencia"
46003;774603;"Interior sur de Valencia"
46004;774603;"Interior sur de Valencia"
46005;774602;"Litoral norte de Valencia"
46006;774603;"Interior sur de Valencia"
46007;774602;"Litoral norte de Valencia"
46008;774604;"Litoral sur de Valencia"
46009;774602;"Litoral norte de Valencia"
46010;774602;"Litoral norte de Valencia"
46011;774604;"Litoral sur de Valencia"
46012;774602;"Litoral norte de Valencia"
46013;774602;"Litoral norte de Valencia"
46014;774602;"Litoral norte de Valencia"
46015;774602;"Litoral norte de Valencia"
46016;774604;"Litoral sur de Valencia"
46017;774604;"Litoral sur de Valencia"
46018;774602;"Litoral norte de Valencia"
46019;774604;"Litoral sur de Valencia"
46020;774603;"Interior sur de Valencia"
46021;774602;"Litoral norte de Valencia"
46022;774602;"Litoral norte de Valencia"
46023;774604;"Litoral sur de Valencia"
46024;774602;"Litoral norte de Valencia"
46025;774602;"Litoral norte de Valencia"
46026;774604;"Litoral sur de Valencia"
46027;774603;"Interior sur de Valencia"
46028;774602;"Litoral norte de Valencia"
46029;774604;"Litoral sur de Valencia"
46030;774602;"Litoral norte de Valencia"
46031;774604;"Litoral sur de Valencia"
46032;774602;"Litoral norte de Valencia"
46033;774604;"Litoral sur de Valencia"
46034;774604;"Litoral sur de Valencia"
46035;774604;"Litoral sur de Valencia"
46036;774601;"Interior norte de Valencia"
46037;774604;"Litoral sur de Valencia"
46038;774601;"Interior norte de Valencia"
46039;774603;"Interior sur de Valencia"
46040;774604;"Litoral sur de Valencia"
46041;774601;"Interior norte de Valencia"
46042;774603;"Interior sur de Valencia"
46043;774603;"Interior sur de Valencia"
46044;774603;"Interior sur de Valencia"
46045;774603;"Interior sur de Valencia"
46046;774604;"Litoral sur de Valencia"
46047;774603;"Interior sur de Valencia"
46048;774604;"Litoral sur de Valencia"
46049;774603;"Interior sur de Valencia"
46050;774601;"Interior norte de Valencia"
46051;774602;"Litoral norte de Valencia"
46052;774602;"Litoral norte de Valencia"
46053;774604;"Litoral sur de Valencia"
46054;774602;"Litoral norte de Valencia"
46055;774604;"Litoral sur de Valencia"
46056;774603;"Interior sur de Valencia"
46057;774603;"Interior sur de Valencia"
46058;774602;"Litoral norte de Valencia"
46059;774604;"Litoral sur de Valencia"
46060;774604;"Litoral sur de Valencia"
46061;774604;"Litoral sur de Valencia"
46062;774603;"Interior sur de Valencia"
46063;774604;"Litoral sur de Valencia"
46064;774603;"Interior sur de Valencia"
46065;774602;"Litoral norte de Valencia"
46066;774603;"Interior sur de Valencia"
46067;774602;"Litoral norte de Valencia"
46068;774603;"Interior sur de Valencia"
46069;774603;"Interior sur de Valencia"
46070;774602;"Litoral norte de Valencia"
46071;774603;"Interior sur de Valencia"
46072;774603;"Interior sur de Valencia"
46073;774603;"Interior sur de Valencia"
46074;774602;"Litoral norte de Valencia"
46075;774603;"Interior sur de Valencia"
46076;774601;"Interior norte de Valencia"
46077;774602;"Litoral norte de Valencia"
46078;774602;"Litoral norte de Valencia"
46079;774602;"Litoral norte de Valencia"
46080;774602;"Litoral norte de Valencia"
46081;774603;"Interior sur de Valencia"
46082;774602;"Litoral norte de Valencia"
46083;774603;"Interior sur de Valencia"
46084;774603;"Interior sur de Valencia"
46085;774603;"Interior sur de Valencia"
46086;774603;"Interior sur de Valencia"
46087;774602;"Litoral norte de Valencia"
46088;774602;"Litoral norte de Valencia"
46089;774602;"Litoral norte de Valencia"
46090;774603;"Interior sur de Valencia"
46091;774603;"Interior sur de Valencia"
46092;774602;"Litoral norte de Valencia"
46093;774603;"Interior sur de Valencia"
46094;774602;"Litoral norte de Valencia"
46095;774602;"Litoral norte de Valencia"
46096;774603;"Interior sur de Valencia"
46097;774603;"Interior sur de Valencia"
46098;774604;"Litoral sur de Valencia"
46099;774603;"Interior sur de Valencia"
46100;774604;"Litoral sur de Valencia"
46101;774602;"Litoral norte de Valencia"
46102;774602;"Litoral norte de Valencia"
46103;774602;"Litoral norte de Valencia"
46104;774603;"Interior sur de Valencia"
46105;774604;"Litoral sur de Valencia"
46106;774602;"Litoral norte de Valencia"
46107;774603;"Interior sur de Valencia"
46108;774602;"Litoral norte de Valencia"
46109;774602;"Litoral norte de Valencia"
46110;774602;"Litoral norte de Valencia"
46111;774602;"Litoral norte de Valencia"
46112;774602;"Litoral norte de Valencia"
46113;774604;"Litoral sur de Valencia"
46114;774602;"Litoral norte de Valencia"
46115;774604;"Litoral sur de Valencia"
46116;774602;"Litoral norte de Valencia"
46117;774602;"Litoral norte de Valencia"
46118;774603;"Interior sur de Valencia"
46119;774604;"Litoral sur de Valencia"
46120;774602;"Litoral norte de Valencia"
46121;774603;"Interior sur de Valencia"
46122;774602;"Litoral norte de Valencia"
46123;774604;"Litoral sur de Valencia"
46124;774603;"Interior sur de Valencia"
46125;774604;"Litoral sur de Valencia"
46126;774602;"Litoral norte de Valencia"
46127;774604;"Litoral sur de Valencia"
46128;774603;"Interior sur de Valencia"
46129;774602;"Litoral norte de Valencia"
46130;774604;"Litoral sur de Valencia"
46131;774604;"Litoral sur de Valencia"
46132;774603;"Interior sur de Valencia"
46133;774602;"Litoral norte de Valencia"
46134;774602;"Litoral norte de Valencia"
46135;774602;"Litoral norte de Valencia"
46136;774602;"Litoral norte de Valencia"
46137;774603;"Interior sur de Valencia"
46138;774603;"Interior sur de Valencia"
46139;774604;"Litoral sur de Valencia"
46140;774604;"Litoral sur de Valencia"
46141;774602;"Litoral norte de Valencia"
46142;774603;"Interior sur de Valencia"
46143;774604;"Litoral sur de Valencia"
46144;774603;"Interior sur de Valencia"
46145;774603;"Interior sur de Valencia"
46146;774604;"Litoral sur de Valencia"
46147;774602;"Litoral norte de Valencia"
46148;774602;"Litoral norte de Valencia"
46149;774602;"Litoral norte de Valencia"
46150;774603;"Interior sur de Valencia"
46151;774603;"Interior sur de Valencia"
46152;774602;"Litoral norte de Valencia"
46153;774604;"Litoral sur de Valencia"
46154;774603;"Interior sur de Valencia"
46155;774604;"Litoral sur de Valencia"
46156;774604;"Litoral sur de Valencia"
46157;774603;"Interior sur de Valencia"
46158;774604;"Litoral sur de Valencia"
46159;774602;"Litoral norte de Valencia"
46160;774604;"Litoral sur de Valencia"
46161;774602;"Litoral norte de Valencia"
46162;774604;"Litoral sur de Valencia"
46163;774602;"Litoral norte de Valencia"
46164;774602;"Litoral norte de Valencia"
46165;774602;"Litoral norte de Valencia"
46166;774602;"Litoral norte de Valencia"
46167;774603;"Interior sur de Valencia"
46168;774604;"Litoral sur de Valencia"
46169;774602;"Litoral norte de Valencia"
46170;774603;"Interior sur de Valencia"
46171;774602;"Litoral norte de Valencia"
46172;774602;"Litoral norte de Valencia"
46173;774603;"Interior sur de Valencia"
46174;774603;"Interior sur de Valencia"
46175;774603;"Interior sur de Valencia"
46176;774604;"Litoral sur de Valencia"
46177;774602;"Litoral norte de Valencia"
46178;774602;"Litoral norte de Valencia"
46179;774603;"Interior sur de Valencia"
46180;774603;"Interior sur de Valencia"
46181;774604;"Litoral sur de Valencia"
46182;774602;"Litoral norte de Valencia"
46183;774603;"Interior sur de Valencia"
46184;774603;"Interior sur de Valencia"
46185;774603;"Interior sur de Valencia"
46186;774602;"Litoral norte de Valencia"
46187;774604;"Litoral sur de Valencia"
46188;774604;"Litoral sur de Valencia"
46189;774603;"Interior sur de Valencia"
46190;774602;"Litoral norte de Valencia"
46191;774602;"Litoral norte de Valencia"
46192;774602;"Litoral norte de Valencia"
46193;774602;"Litoral norte de Valencia"
46194;774602;"Litoral norte de Valencia"
46195;774604;"Litoral sur de Valencia"
46196;774604;"Litoral sur de Valencia"
46197;774604;"Litoral sur de Valencia"
46198;774604;"Litoral sur de Valencia"
46199;774602;"Litoral norte de Valencia"
46200;774603;"Interior sur de Valencia"
46201;774602;"Litoral norte de Valencia"
46202;774602;"Litoral norte de Valencia"
46203;774604;"Litoral sur de Valencia"
46204;774602;"Litoral norte de Valencia"
46205;774602;"Litoral norte de Valencia"
46206;774603;"Interior sur de Valencia"
46207;774602;"Litoral norte de Valencia"
46208;774604;"Litoral sur de Valencia"
46209;774604;"Litoral sur de Valencia"
46210;774603;"Interior sur de Valencia"
46211;774604;"Litoral sur de Valencia"
46212;774604;"Litoral sur de Valencia"
46213;774602;"Litoral norte de Valencia"
46214;774602;"Litoral norte de Valencia"
46215;774604;"Litoral sur de Valencia"
46216;774602;"Litoral norte de Valencia"
46217;774603;"Interior sur de Valencia"
46218;774604;"Litoral sur de Valencia"
46219;774603;"Interior sur de Valencia"
46220;774602;"Litoral norte de Valencia"
46221;774603;"Interior sur de Valencia"
46222;774604;"Litoral sur de Valencia"
46223;774602;"Litoral norte de Valencia"
46224;774602;"Litoral norte de Valencia"
46225;774603;"Interior sur de Valencia"
46226;774603;"Interior sur de Valencia"
46227;774604;"Litoral sur de Valencia"
46228;774602;"Litoral norte de Valencia"
46229;774602;"Litoral norte de Valencia"
46230;774602;"Litoral norte de Valencia"
46231;774604;"Litoral sur de Valencia"
46232;774602;"Litoral norte de Valencia"
46233;774604;"Litoral sur de Valencia"
46234;774602;"Litoral norte de Valencia"
46235;774604;"Litoral sur de Valencia"
46236;774604;"Litoral sur de Valencia"
46237;774602;"Litoral norte de Valencia"
46238;774604;"Litoral sur de Valencia"
46239;774603;"Interior sur de Valencia"
46240;774603;"Interior sur de Valencia"
46243;774603;"Interior sur de Valencia"
46244;774602;"Litoral norte de Valencia"
46245;774602;"Litoral norte de Valencia"
46246;774604;"Litoral sur de Valencia"
46247;774601;"Interior norte de Valencia"
46248;774602;"Litoral norte de Valencia"
46249;774601;"Interior norte de Valencia"
46250;774602;"Litoral norte de Valencia"
46251;774603;"Interior sur de Valencia"
46252;774601;"Interior norte de Valencia"
46253;774603;"Interior sur de Valencia"
46254;774601;"Interior norte de Valencia"
46255;774604;"Litoral sur de Valencia"
46256;774602;"Litoral norte de Valencia"
46257;774604;"Litoral sur de Valencia"
46258;774601;"Interior norte de Valencia"
46259;774601;"Interior norte de Valencia"
46260;774602;"Litoral norte de Valencia"
46261;774602;"Litoral norte de Valencia"
46262;774601;"Interior norte de Valencia"
46263;774603;"Interior sur de Valencia"
46902;774602;"Litoral norte de Valencia"
46903;774602;"Litoral norte de Valencia"
46904;774604;"Litoral sur de Valencia"
47001;674701;"Meseta de Valladolid"
47002;674701;"Meseta de Valladolid"
47003;674701;"Meseta de Valladolid"
47004;674701;"Meseta de Valladolid"
47005;674701;"Meseta de Valladolid"
47006;674701;"Meseta de Valladolid"
47007;674701;"Meseta de Valladolid"
47008;674701;"Meseta de Valladolid"
47009;674701;"Meseta de Valladolid"
47010;674701;"Meseta de Valladolid"
47011;674701;"Meseta de Valladolid"
47012;674701;"Meseta de Valladolid"
47013;674701;"Meseta de Valladolid"
47014;674701;"Meseta de Valladolid"
47015;674701;"Meseta de Valladolid"
47016;674701;"Meseta de Valladolid"
47017;674701;"Meseta de Valladolid"
47018;674701;"Meseta de Valladolid"
47019;674701;"Meseta de Valladolid"
47020;674701;"Meseta de Valladolid"
47021;674701;"Meseta de Valladolid"
47022;674701;"Meseta de Valladolid"
47023;674701;"Meseta de Valladolid"
47024;674701;"Meseta de Valladolid"
47025;674701;"Meseta de Valladolid"
47026;674701;"Meseta de Valladolid"
47027;674701;"Meseta de Valladolid"
47030;674701;"Meseta de Valladolid"
47031;674701;"Meseta de Valladolid"
47032;674701;"Meseta de Valladolid"
47033;674701;"Meseta de Valladolid"
47034;674701;"Meseta de Valladolid"
47035;674701;"Meseta de Valladolid"
47036;674701;"Meseta de Valladolid"
47037;674701;"Meseta de Valladolid"
47038;674701;"Meseta de Valladolid"
47039;674701;"Meseta de Valladolid"
47040;674701;"Meseta de Valladolid"
47041;674701;"Meseta de Valladolid"
47042;674701;"Meseta de Valladolid"
47043;674701;"Meseta de Valladolid"
47044;674701;"Meseta de Valladolid"
47045;674701;"Meseta de Valladolid"
47046;674701;"Meseta de Valladolid"
47047;674701;"Meseta de Valladolid"
47048;674701;"Meseta de Valladolid"
47049;674701;"Meseta de Valladolid"
47050;674701;"Meseta de Valladolid"
47051;674701;"Meseta de Valladolid"
47052;674701;"Meseta de Valladolid"
47053;674701;"Meseta de Valladolid"
47054;674701;"Meseta de Valladolid"
47055;674701;"Meseta de Valladolid"
47056;674701;"Meseta de Valladolid"
47057;674701;"Meseta de Valladolid"
47058;674701;"Meseta de Valladolid"
47059;674701;"Meseta de Valladolid"
47060;674701;"Meseta de Valladolid"
47061;674701;"Meseta de Valladolid"
47062;674701;"Meseta de Valladolid"
47063;674701;"Meseta de Valladolid"
47064;674701;"Meseta de Valladolid"
47065;674701;"Meseta de Valladolid"
47066;674701;"Meseta de Valladolid"
47067;674701;"Meseta de Valladolid"
47068;674701;"Meseta de Valladolid"
47069;674701;"Meseta de Valladolid"
47070;674701;"Meseta de Valladolid"
47071;674701;"Meseta de Valladolid"
47073;674701;"Meseta de Valladolid"
47074;674701;"Meseta de Valladolid"
47075;674701;"Meseta de Valladolid"
47076;674701;"Meseta de Valladolid"
47077;674701;"Meseta de Valladolid"
47078;674701;"Meseta de Valladolid"
47079;674701;"Meseta de Valladolid"
47080;674701;"Meseta de Valladolid"
47081;674701;"Meseta de Valladolid"
47082;674701;"Meseta de Valladolid"
47083;674701;"Meseta de Valladolid"
47084;674701;"Meseta de Valladolid"
47085;674701;"Meseta de Valladolid"
47086;674701;"Meseta de Valladolid"
47087;674701;"Meseta de Valladolid"
47088;674701;"Meseta de Valladolid"
47089;674701;"Meseta de Valladolid"
47090;674701;"Meseta de Valladolid"
47091;674701;"Meseta de Valladolid"
47092;674701;"Meseta de Valladolid"
47093;674701;"Meseta de Valladolid"
47094;674701;"Meseta de Valladolid"
47095;674701;"Meseta de Valladolid"
47096;674701;"Meseta de Valladolid"
47097;674701;"Meseta de Valladolid"
47098;674701;"Meseta de Valladolid"
47099;674701;"Meseta de Valladolid"
47100;674701;"Meseta de Valladolid"
47101;674701;"Meseta de Valladolid"
47102;674701;"Meseta de Valladolid"
47103;674701;"Meseta de Valladolid"
47104;674701;"Meseta de Valladolid"
47105;674701;"Meseta de Valladolid"
47106;674701;"Meseta de Valladolid"
47109;674701;"Meseta de Valladolid"
47110;674701;"Meseta de Valladolid"
47111;674701;"Meseta de Valladolid"
47112;674701;"Meseta de Valladolid"
47113;674701;"Meseta de Valladolid"
47114;674701;"Meseta de Valladolid"
47115;674701;"Meseta de Valladolid"
47116;674701;"Meseta de Valladolid"
47117;674701;"Meseta de Valladolid"
47118;674701;"Meseta de Valladolid"
47119;674701;"Meseta de Valladolid"
47121;674701;"Meseta de Valladolid"
47122;674701;"Meseta de Valladolid"
47123;674701;"Meseta de Valladolid"
47124;674701;"Meseta de Valladolid"
47125;674701;"Meseta de Valladolid"
47126;674701;"Meseta de Valladolid"
47127;674701;"Meseta de Valladolid"
47128;674701;"Meseta de Valladolid"
47129;674701;"Meseta de Valladolid"
47130;674701;"Meseta de Valladolid"
47131;674701;"Meseta de Valladolid"
47132;674701;"Meseta de Valladolid"
47133;674701;"Meseta de Valladolid"
47134;674701;"Meseta de Valladolid"
47135;674701;"Meseta de Valladolid"
47137;674701;"Meseta de Valladolid"
47138;674701;"Meseta de Valladolid"
47139;674701;"Meseta de Valladolid"
47140;674701;"Meseta de Valladolid"
47141;674701;"Meseta de Valladolid"
47142;674701;"Meseta de Valladolid"
47143;674701;"Meseta de Valladolid"
47144;674701;"Meseta de Valladolid"
47145;674701;"Meseta de Valladolid"
47146;674701;"Meseta de Valladolid"
47147;674701;"Meseta de Valladolid"
47148;674701;"Meseta de Valladolid"
47149;674701;"Meseta de Valladolid"
47150;674701;"Meseta de Valladolid"
47151;674701;"Meseta de Valladolid"
47152;674701;"Meseta de Valladolid"
47153;674701;"Meseta de Valladolid"
47154;674701;"Meseta de Valladolid"
47155;674701;"Meseta de Valladolid"
47156;674701;"Meseta de Valladolid"
47157;674701;"Meseta de Valladolid"
47158;674701;"Meseta de Valladolid"
47159;674701;"Meseta de Valladolid"
47160;674701;"Meseta de Valladolid"
47161;674701;"Meseta de Valladolid"
47162;674701;"Meseta de Valladolid"
47163;674701;"Meseta de Valladolid"
47164;674701;"Meseta de Valladolid"
47165;674701;"Meseta de Valladolid"
47166;674701;"Meseta de Valladolid"
47167;674701;"Meseta de Valladolid"
47168;674701;"Meseta de Valladolid"
47169;674701;"Meseta de Valladolid"
47170;674701;"Meseta de Valladolid"
47171;674701;"Meseta de Valladolid"
47172;674701;"Meseta de Valladolid"
47173;674701;"Meseta de Valladolid"
47174;674701;"Meseta de Valladolid"
47175;674701;"Meseta de Valladolid"
47176;674701;"Meseta de Valladolid"
47177;674701;"Meseta de Valladolid"
47178;674701;"Meseta de Valladolid"
47179;674701;"Meseta de Valladolid"
47180;674701;"Meseta de Valladolid"
47181;674701;"Meseta de Valladolid"
47182;674701;"Meseta de Valladolid"
47183;674701;"Meseta de Valladolid"
47184;674701;"Meseta de Valladolid"
47185;674701;"Meseta de Valladolid"
47186;674701;"Meseta de Valladolid"
47187;674701;"Meseta de Valladolid"
47188;674701;"Meseta de Valladolid"
47189;674701;"Meseta de Valladolid"
47190;674701;"Meseta de Valladolid"
47191;674701;"Meseta de Valladolid"
47192;674701;"Meseta de Valladolid"
47193;674701;"Meseta de Valladolid"
47194;674701;"Meseta de Valladolid"
47195;674701;"Meseta de Valladolid"
47196;674701;"Meseta de Valladolid"
47197;674701;"Meseta de Valladolid"
47198;674701;"Meseta de Valladolid"
47199;674701;"Meseta de Valladolid"
47200;674701;"Meseta de Valladolid"
47203;674701;"Meseta de Valladolid"
47204;674701;"Meseta de Valladolid"
47205;674701;"Meseta de Valladolid"
47206;674701;"Meseta de Valladolid"
47207;674701;"Meseta de Valladolid"
47208;674701;"Meseta de Valladolid"
47209;674701;"Meseta de Valladolid"
47210;674701;"Meseta de Valladolid"
47211;674701;"Meseta de Valladolid"
47212;674701;"Meseta de Valladolid"
47213;674701;"Meseta de Valladolid"
47214;674701;"Meseta de Valladolid"
47215;674701;"Meseta de Valladolid"
47216;674701;"Meseta de Valladolid"
47217;674701;"Meseta de Valladolid"
47218;674701;"Meseta de Valladolid"
47219;674701;"Meseta de Valladolid"
47220;674701;"Meseta de Valladolid"
47221;674701;"Meseta de Valladolid"
47222;674701;"Meseta de Valladolid"
47223;674701;"Meseta de Valladolid"
47224;674701;"Meseta de Valladolid"
47225;674701;"Meseta de Valladolid"
47226;674701;"Meseta de Valladolid"
47227;674701;"Meseta de Valladolid"
47228;674701;"Meseta de Valladolid"
47229;674701;"Meseta de Valladolid"
47230;674701;"Meseta de Valladolid"
47231;674701;"Meseta de Valladolid"
47232;674701;"Meseta de Valladolid"
48001;754802;"Bizkaia interior"
48002;754802;"Bizkaia interior"
48003;754802;"Bizkaia interior"
48004;754801;"Bizkaia litoral"
48005;754802;"Bizkaia interior"
48006;754802;"Bizkaia interior"
48007;754801;"Bizkaia litoral"
48008;754802;"Bizkaia interior"
48009;754802;"Bizkaia interior"
48010;754801;"Bizkaia litoral"
48011;754802;"Bizkaia interior"
48012;754801;"Bizkaia litoral"
48013;754802;"Bizkaia interior"
48014;754801;"Bizkaia litoral"
48015;754802;"Bizkaia interior"
48016;754801;"Bizkaia litoral"
48017;754801;"Bizkaia litoral"
48018;754801;"Bizkaia litoral"
48019;754802;"Bizkaia interior"
48020;754802;"Bizkaia interior"
48021;754801;"Bizkaia litoral"
48022;754802;"Bizkaia interior"
48023;754802;"Bizkaia interior"
48024;754802;"Bizkaia interior"
48025;754802;"Bizkaia interior"
48026;754802;"Bizkaia interior"
48027;754802;"Bizkaia interior"
48028;754801;"Bizkaia litoral"
48029;754802;"Bizkaia interior"
48030;754801;"Bizkaia litoral"
48031;754801;"Bizkaia litoral"
48032;754802;"Bizkaia interior"
48033;754801;"Bizkaia litoral"
48034;754802;"Bizkaia interior"
48035;754801;"Bizkaia litoral"
48036;754802;"Bizkaia interior"
48037;754801;"Bizkaia litoral"
48038;754801;"Bizkaia litoral"
48039;754801;"Bizkaia litoral"
48040;754801;"Bizkaia litoral"
48041;754801;"Bizkaia litoral"
48042;754801;"Bizkaia litoral"
48043;754801;"Bizkaia litoral"
48044;754801;"Bizkaia litoral"
48045;754801;"Bizkaia litoral"
48046;754801;"Bizkaia litoral"
48047;754801;"Bizkaia litoral"
48048;754801;"Bizkaia litoral"
48049;754801;"Bizkaia litoral"
48050;754801;"Bizkaia litoral"
48051;754801;"Bizkaia litoral"
48052;754801;"Bizkaia litoral"
48053;754801;"Bizkaia litoral"
48055;754801;"Bizkaia litoral"
48057;754801;"Bizkaia litoral"
48058;754801;"Bizkaia litoral"
48059;754802;"Bizkaia interior"
48060;754801;"Bizkaia litoral"
48061;754801;"Bizkaia litoral"
48062;754801;"Bizkaia litoral"
48063;754801;"Bizkaia litoral"
48064;754801;"Bizkaia litoral"
48065;754802;"Bizkaia interior"
48066;754801;"Bizkaia litoral"
48067;754801;"Bizkaia litoral"
48068;754801;"Bizkaia litoral"
48069;754801;"Bizkaia litoral"
48070;754801;"Bizkaia litoral"
48071;754801;"Bizkaia litoral"
48072;754802;"Bizkaia interior"
48073;754801;"Bizkaia litoral"
48074;754802;"Bizkaia interior"
48075;754802;"Bizkaia interior"
48076;754801;"Bizkaia litoral"
48077;754801;"Bizkaia litoral"
48078;754801;"Bizkaia litoral"
48079;754801;"Bizkaia litoral"
48080;754802;"Bizkaia interior"
48081;754801;"Bizkaia litoral"
48082;754801;"Bizkaia litoral"
48083;754802;"Bizkaia interior"
48084;754801;"Bizkaia litoral"
48085;754801;"Bizkaia litoral"
48086;754802;"Bizkaia interior"
48087;754802;"Bizkaia interior"
48088;754802;"Bizkaia interior"
48089;754801;"Bizkaia litoral"
48090;754802;"Bizkaia interior"
48091;754802;"Bizkaia interior"
48092;754802;"Bizkaia interior"
48093;754802;"Bizkaia interior"
48094;754802;"Bizkaia interior"
48095;754802;"Bizkaia interior"
48096;754802;"Bizkaia interior"
48097;754802;"Bizkaia interior"
48901;754801;"Bizkaia litoral"
48902;754801;"Bizkaia litoral"
48903;754801;"Bizkaia litoral"
48904;754801;"Bizkaia litoral"
48905;754801;"Bizkaia litoral"
48906;754801;"Bizkaia litoral"
48907;754801;"Bizkaia litoral"
48908;754801;"Bizkaia litoral"
48909;754801;"Bizkaia litoral"
48910;754802;"Bizkaia interior"
48911;754801;"Bizkaia litoral"
48912;754802;"Bizkaia interior"
48913;754801;"Bizkaia litoral"
48914;754801;"Bizkaia litoral"
48915;754801;"Bizkaia litoral"
49002;674902;"Meseta de Zamora"
49003;674902;"Meseta de Zamora"
49004;674902;"Meseta de Zamora"
49005;674902;"Meseta de Zamora"
49006;674902;"Meseta de Zamora"
49007;674902;"Meseta de Zamora"
49008;674902;"Meseta de Zamora"
49009;674902;"Meseta de Zamora"
49010;674902;"Meseta de Zamora"
49011;674902;"Meseta de Zamora"
49012;674902;"Meseta de Zamora"
49015;674901;Sanabria
49016;674901;Sanabria
49017;674901;Sanabria
49018;674901;Sanabria
49019;674901;Sanabria
49020;674901;Sanabria
49021;674901;Sanabria
49022;674901;Sanabria
49023;674901;Sanabria
49024;674901;Sanabria
49025;674901;Sanabria
49026;674901;Sanabria
49027;674901;Sanabria
49028;674901;Sanabria
49029;674901;Sanabria
49030;674901;Sanabria
49031;674901;Sanabria
49032;674902;"Meseta de Zamora"
49033;674902;"Meseta de Zamora"
49034;674902;"Meseta de Zamora"
49035;674902;"Meseta de Zamora"
49036;674902;"Meseta de Zamora"
49037;674902;"Meseta de Zamora"
49038;674902;"Meseta de Zamora"
49039;674902;"Meseta de Zamora"
49040;674902;"Meseta de Zamora"
49041;674902;"Meseta de Zamora"
49042;674902;"Meseta de Zamora"
49043;674902;"Meseta de Zamora"
49044;674902;"Meseta de Zamora"
49046;674902;"Meseta de Zamora"
49047;674902;"Meseta de Zamora"
49048;674902;"Meseta de Zamora"
49050;674902;"Meseta de Zamora"
49052;674902;"Meseta de Zamora"
49053;674902;"Meseta de Zamora"
49054;674902;"Meseta de Zamora"
49055;674902;"Meseta de Zamora"
49056;674902;"Meseta de Zamora"
49057;674902;"Meseta de Zamora"
49058;674902;"Meseta de Zamora"
49059;674902;"Meseta de Zamora"
49061;674902;"Meseta de Zamora"
49062;674901;Sanabria
49063;674902;"Meseta de Zamora"
49064;674902;"Meseta de Zamora"
49065;674902;"Meseta de Zamora"
49066;674902;"Meseta de Zamora"
49067;674902;"Meseta de Zamora"
49068;674902;"Meseta de Zamora"
49069;674902;"Meseta de Zamora"
49071;674902;"Meseta de Zamora"
49075;674902;"Meseta de Zamora"
49076;674902;"Meseta de Zamora"
49077;674902;"Meseta de Zamora"
49078;674902;"Meseta de Zamora"
49079;674902;"Meseta de Zamora"
49080;674902;"Meseta de Zamora"
49081;674902;"Meseta de Zamora"
49082;674902;"Meseta de Zamora"
49083;674902;"Meseta de Zamora"
49084;674902;"Meseta de Zamora"
49085;674901;Sanabria
49086;674902;"Meseta de Zamora"
49087;674902;"Meseta de Zamora"
49088;674902;"Meseta de Zamora"
49090;674902;"Meseta de Zamora"
49091;674902;"Meseta de Zamora"
49092;674902;"Meseta de Zamora"
49093;674902;"Meseta de Zamora"
49094;674901;Sanabria
49095;674902;"Meseta de Zamora"
49096;674902;"Meseta de Zamora"
49097;674902;"Meseta de Zamora"
49098;674902;"Meseta de Zamora"
49099;674902;"Meseta de Zamora"
49100;674901;Sanabria
49101;674902;"Meseta de Zamora"
49102;674902;"Meseta de Zamora"
49103;674902;"Meseta de Zamora"
49104;674902;"Meseta de Zamora"
49105;674902;"Meseta de Zamora"
49107;674902;"Meseta de Zamora"
49108;674902;"Meseta de Zamora"
49109;674902;"Meseta de Zamora"
49110;674902;"Meseta de Zamora"
49111;674902;"Meseta de Zamora"
49112;674902;"Meseta de Zamora"
49113;674902;"Meseta de Zamora"
49114;674902;"Meseta de Zamora"
49115;674902;"Meseta de Zamora"
49116;674902;"Meseta de Zamora"
49117;674902;"Meseta de Zamora"
49118;674902;"Meseta de Zamora"
49119;674902;"Meseta de Zamora"
49120;674902;"Meseta de Zamora"
49121;674902;"Meseta de Zamora"
49122;674902;"Meseta de Zamora"
49123;674902;"Meseta de Zamora"
49124;674902;"Meseta de Zamora"
49125;674902;"Meseta de Zamora"
49126;674902;"Meseta de Zamora"
49127;674902;"Meseta de Zamora"
49128;674902;"Meseta de Zamora"
49129;674902;"Meseta de Zamora"
49130;674902;"Meseta de Zamora"
49131;674902;"Meseta de Zamora"
49132;674902;"Meseta de Zamora"
49133;674902;"Meseta de Zamora"
49134;674901;Sanabria
49135;674902;"Meseta de Zamora"
49136;674902;"Meseta de Zamora"
49137;674902;"Meseta de Zamora"
49138;674902;"Meseta de Zamora"
49139;674902;"Meseta de Zamora"
49141;674902;"Meseta de Zamora"
49142;674902;"Meseta de Zamora"
49143;674902;"Meseta de Zamora"
49145;674902;"Meseta de Zamora"
49146;674902;"Meseta de Zamora"
49147;674902;"Meseta de Zamora"
49148;674902;"Meseta de Zamora"
49149;674902;"Meseta de Zamora"
49150;674902;"Meseta de Zamora"
49151;674902;"Meseta de Zamora"
49152;674902;"Meseta de Zamora"
49153;674902;"Meseta de Zamora"
49154;674901;Sanabria
49155;674902;"Meseta de Zamora"
49156;674902;"Meseta de Zamora"
49157;674902;"Meseta de Zamora"
49158;674902;"Meseta de Zamora"
49159;674902;"Meseta de Zamora"
49160;674902;"Meseta de Zamora"
49162;674901;Sanabria
49163;674902;"Meseta de Zamora"
49164;674902;"Meseta de Zamora"
49165;674902;"Meseta de Zamora"
49166;674902;"Meseta de Zamora"
49167;674902;"Meseta de Zamora"
49168;674902;"Meseta de Zamora"
49169;674902;"Meseta de Zamora"
49170;674902;"Meseta de Zamora"
49171;674902;"Meseta de Zamora"
49172;674902;"Meseta de Zamora"
49173;674902;"Meseta de Zamora"
49174;674901;Sanabria
49175;674902;"Meseta de Zamora"
49176;674902;"Meseta de Zamora"
49177;674902;"Meseta de Zamora"
49178;674902;"Meseta de Zamora"
49179;674901;Sanabria
49180;674902;"Meseta de Zamora"
49181;674901;Sanabria
49183;674902;"Meseta de Zamora"
49184;674902;"Meseta de Zamora"
49185;674902;"Meseta de Zamora"
49186;674902;"Meseta de Zamora"
49187;674902;"Meseta de Zamora"
49188;674902;"Meseta de Zamora"
49189;674901;Sanabria
49190;674902;"Meseta de Zamora"
49191;674902;"Meseta de Zamora"
49192;674902;"Meseta de Zamora"
49193;674902;"Meseta de Zamora"
49194;674902;"Meseta de Zamora"
49197;674902;"Meseta de Zamora"
49199;674902;"Meseta de Zamora"
49200;674902;"Meseta de Zamora"
49201;674902;"Meseta de Zamora"
49202;674902;"Meseta de Zamora"
49203;674902;"Meseta de Zamora"
49204;674902;"Meseta de Zamora"
49205;674902;"Meseta de Zamora"
49206;674902;"Meseta de Zamora"
49207;674902;"Meseta de Zamora"
49208;674902;"Meseta de Zamora"
49209;674902;"Meseta de Zamora"
49210;674902;"Meseta de Zamora"
49214;674902;"Meseta de Zamora"
49216;674902;"Meseta de Zamora"
49219;674902;"Meseta de Zamora"
49220;674902;"Meseta de Zamora"
49221;674902;"Meseta de Zamora"
49222;674902;"Meseta de Zamora"
49223;674902;"Meseta de Zamora"
49224;674901;Sanabria
49225;674902;"Meseta de Zamora"
49226;674902;"Meseta de Zamora"
49227;674902;"Meseta de Zamora"
49228;674902;"Meseta de Zamora"
49229;674902;"Meseta de Zamora"
49230;674902;"Meseta de Zamora"
49231;674902;"Meseta de Zamora"
49232;674902;"Meseta de Zamora"
49233;674902;"Meseta de Zamora"
49234;674902;"Meseta de Zamora"
49235;674902;"Meseta de Zamora"
49236;674902;"Meseta de Zamora"
49237;674902;"Meseta de Zamora"
49238;674902;"Meseta de Zamora"
49239;674902;"Meseta de Zamora"
49240;674902;"Meseta de Zamora"
49241;674902;"Meseta de Zamora"
49242;674902;"Meseta de Zamora"
49243;674902;"Meseta de Zamora"
49244;674902;"Meseta de Zamora"
49245;674902;"Meseta de Zamora"
49246;674902;"Meseta de Zamora"
49247;674902;"Meseta de Zamora"
49248;674902;"Meseta de Zamora"
49249;674902;"Meseta de Zamora"
49250;674902;"Meseta de Zamora"
49251;674902;"Meseta de Zamora"
49252;674902;"Meseta de Zamora"
49255;674902;"Meseta de Zamora"
49256;674902;"Meseta de Zamora"
49257;674902;"Meseta de Zamora"
49258;674902;"Meseta de Zamora"
49259;674902;"Meseta de Zamora"
49260;674902;"Meseta de Zamora"
49261;674902;"Meseta de Zamora"
49262;674902;"Meseta de Zamora"
49263;674902;"Meseta de Zamora"
49264;674902;"Meseta de Zamora"
49265;674902;"Meseta de Zamora"
49266;674902;"Meseta de Zamora"
49267;674902;"Meseta de Zamora"
49268;674902;"Meseta de Zamora"
49269;674902;"Meseta de Zamora"
49270;674902;"Meseta de Zamora"
49271;674902;"Meseta de Zamora"
49272;674902;"Meseta de Zamora"
49273;674902;"Meseta de Zamora"
49275;674902;"Meseta de Zamora"
50001;625002;"Ibérica zaragozana"
50002;625002;"Ibérica zaragozana"
50003;625002;"Ibérica zaragozana"
50004;625002;"Ibérica zaragozana"
50005;625002;"Ibérica zaragozana"
50006;625002;"Ibérica zaragozana"
50007;625002;"Ibérica zaragozana"
50008;625003;"Ribera del Ebro de Zaragoza"
50009;625002;"Ibérica zaragozana"
50010;625002;"Ibérica zaragozana"
50011;625002;"Ibérica zaragozana"
50012;625003;"Ribera del Ebro de Zaragoza"
50013;625003;"Ribera del Ebro de Zaragoza"
50014;625002;"Ibérica zaragozana"
50015;625002;"Ibérica zaragozana"
50016;625002;"Ibérica zaragozana"
50017;625003;"Ribera del Ebro de Zaragoza"
50018;625002;"Ibérica zaragozana"
50019;625003;"Ribera del Ebro de Zaragoza"
50020;625002;"Ibérica zaragozana"
50021;625002;"Ibérica zaragozana"
50022;625003;"Ribera del Ebro de Zaragoza"
50023;625002;"Ibérica zaragozana"
50024;625002;"Ibérica zaragozana"
50025;625002;"Ibérica zaragozana"
50026;625002;"Ibérica zaragozana"
50027;625002;"Ibérica zaragozana"
50028;625002;"Ibérica zaragozana"
50029;625002;"Ibérica zaragozana"
50030;625002;"Ibérica zaragozana"
50031;625002;"Ibérica zaragozana"
50032;625002;"Ibérica zaragozana"
50033;625001;"Cinco Villas de Zaragoza"
50034;625002;"Ibérica zaragozana"
50035;625001;"Cinco Villas de Zaragoza"
50036;625001;"Cinco Villas de Zaragoza"
50037;625002;"Ibérica zaragozana"
50038;625002;"Ibérica zaragozana"
50039;625002;"Ibérica zaragozana"
50040;625002;"Ibérica zaragozana"
50041;625001;"Cinco Villas de Zaragoza"
50042;625002;"Ibérica zaragozana"
50043;625003;"Ribera del Ebro de Zaragoza"
50044;625002;"Ibérica zaragozana"
50045;625002;"Ibérica zaragozana"
50046;625002;"Ibérica zaragozana"
50047;625002;"Ibérica zaragozana"
50048;625002;"Ibérica zaragozana"
50050;625002;"Ibérica zaragozana"
50051;625001;"Cinco Villas de Zaragoza"
50052;625002;"Ibérica zaragozana"
50053;625003;"Ribera del Ebro de Zaragoza"
50054;625002;"Ibérica zaragozana"
50055;625002;"Ibérica zaragozana"
50056;625003;"Ribera del Ebro de Zaragoza"
50057;625002;"Ibérica zaragozana"
50058;625002;"Ibérica zaragozana"
50059;625003;"Ribera del Ebro de Zaragoza"
50060;625002;"Ibérica zaragozana"
50061;625002;"Ibérica zaragozana"
50062;625003;"Ribera del Ebro de Zaragoza"
50063;625002;"Ibérica zaragozana"
50064;625003;"Ribera del Ebro de Zaragoza"
50065;625002;"Ibérica zaragozana"
50066;625003;"Ribera del Ebro de Zaragoza"
50067;625002;"Ibérica zaragozana"
50068;625002;"Ibérica zaragozana"
50069;625002;"Ibérica zaragozana"
50070;625002;"Ibérica zaragozana"
50071;625002;"Ibérica zaragozana"
50072;625002;"Ibérica zaragozana"
50073;625002;"Ibérica zaragozana"
50074;625003;"Ribera del Ebro de Zaragoza"
50075;625002;"Ibérica zaragozana"
50076;625002;"Ibérica zaragozana"
50077;625001;"Cinco Villas de Zaragoza"
50078;625001;"Cinco Villas de Zaragoza"
50079;625002;"Ibérica zaragozana"
50080;625002;"Ibérica zaragozana"
50081;625002;"Ibérica zaragozana"
50082;625002;"Ibérica zaragozana"
50083;625003;"Ribera del Ebro de Zaragoza"
50084;625002;"Ibérica zaragozana"
50085;625002;"Ibérica zaragozana"
50086;625002;"Ibérica zaragozana"
50087;625002;"Ibérica zaragozana"
50088;625002;"Ibérica zaragozana"
50089;625003;"Ribera del Ebro de Zaragoza"
50090;625002;"Ibérica zaragozana"
50091;625002;"Ibérica zaragozana"
50092;625003;"Ribera del Ebro de Zaragoza"
50093;625002;"Ibérica zaragozana"
50094;625002;"Ibérica zaragozana"
50095;625001;"Cinco Villas de Zaragoza"
50096;625002;"Ibérica zaragozana"
50098;625002;"Ibérica zaragozana"
50099;625002;"Ibérica zaragozana"
50100;625001;"Cinco Villas de Zaragoza"
50101;625003;"Ribera del Ebro de Zaragoza"
50102;625003;"Ribera del Ebro de Zaragoza"
50104;625003;"Ribera del Ebro de Zaragoza"
50105;625003;"Ribera del Ebro de Zaragoza"
50106;625002;"Ibérica zaragozana"
50107;625003;"Ribera del Ebro de Zaragoza"
50108;625002;"Ibérica zaragozana"
50109;625002;"Ibérica zaragozana"
50110;625002;"Ibérica zaragozana"
50111;625002;"Ibérica zaragozana"
50113;625002;"Ibérica zaragozana"
50114;625002;"Ibérica zaragozana"
50115;625003;"Ribera del Ebro de Zaragoza"
50116;625002;"Ibérica zaragozana"
50117;625002;"Ibérica zaragozana"
50118;625003;"Ribera del Ebro de Zaragoza"
50119;625003;"Ribera del Ebro de Zaragoza"
50120;625002;"Ibérica zaragozana"
50121;625002;"Ibérica zaragozana"
50122;625002;"Ibérica zaragozana"
50123;625003;"Ribera del Ebro de Zaragoza"
50124;625002;"Ibérica zaragozana"
50125;625002;"Ibérica zaragozana"
50126;625002;"Ibérica zaragozana"
50128;625002;"Ibérica zaragozana"
50129;625002;"Ibérica zaragozana"
50130;625002;"Ibérica zaragozana"
50131;625003;"Ribera del Ebro de Zaragoza"
50132;625003;"Ribera del Ebro de Zaragoza"
50133;625002;"Ibérica zaragozana"
50134;625002;"Ibérica zaragozana"
50135;625002;"Ibérica zaragozana"
50136;625002;"Ibérica zaragozana"
50137;625003;"Ribera del Ebro de Zaragoza"
50138;625002;"Ibérica zaragozana"
50139;625002;"Ibérica zaragozana"
50140;625002;"Ibérica zaragozana"
50141;625002;"Ibérica zaragozana"
50142;625002;"Ibérica zaragozana"
50143;625002;"Ibérica zaragozana"
50144;625002;"Ibérica zaragozana"
50146;625002;"Ibérica zaragozana"
50147;625003;"Ribera del Ebro de Zaragoza"
50148;625002;"Ibérica zaragozana"
50149;625002;"Ibérica zaragozana"
50150;625002;"Ibérica zaragozana"
50151;625002;"Ibérica zaragozana"
50152;625003;"Ribera del Ebro de Zaragoza"
50153;625002;"Ibérica zaragozana"
50154;625002;"Ibérica zaragozana"
50155;625002;"Ibérica zaragozana"
50156;625002;"Ibérica zaragozana"
50157;625002;"Ibérica zaragozana"
50159;625002;"Ibérica zaragozana"
50160;625002;"Ibérica zaragozana"
50161;625002;"Ibérica zaragozana"
50162;625002;"Ibérica zaragozana"
50163;625003;"Ribera del Ebro de Zaragoza"
50164;625003;"Ribera del Ebro de Zaragoza"
50165;625003;"Ribera del Ebro de Zaragoza"
50166;625002;"Ibérica zaragozana"
50167;625002;"Ibérica zaragozana"
50168;625002;"Ibérica zaragozana"
50169;625002;"Ibérica zaragozana"
50170;625003;"Ribera del Ebro de Zaragoza"
50171;625002;"Ibérica zaragozana"
50172;625002;"Ibérica zaragozana"
50173;625002;"Ibérica zaragozana"
50174;625002;"Ibérica zaragozana"
50175;625002;"Ibérica zaragozana"
50176;625002;"Ibérica zaragozana"
50177;625002;"Ibérica zaragozana"
50178;625002;"Ibérica zaragozana"
50179;625002;"Ibérica zaragozana"
50180;625003;"Ribera del Ebro de Zaragoza"
50181;625002;"Ibérica zaragozana"
50182;625002;"Ibérica zaragozana"
50183;625002;"Ibérica zaragozana"
50184;625002;"Ibérica zaragozana"
50185;625002;"Ibérica zaragozana"
50186;625002;"Ibérica zaragozana"
50187;625002;"Ibérica zaragozana"
50188;625002;"Ibérica zaragozana"
50189;625003;"Ribera del Ebro de Zaragoza"
50190;625002;"Ibérica zaragozana"
50191;625002;"Ibérica zaragozana"
50192;625002;"Ibérica zaragozana"
50193;625003;"Ribera del Ebro de Zaragoza"
50194;625002;"Ibérica zaragozana"
50195;625002;"Ibérica zaragozana"
50196;625002;"Ibérica zaragozana"
50197;625002;"Ibérica zaragozana"
50198;625002;"Ibérica zaragozana"
50199;625003;"Ribera del Ebro de Zaragoza"
50200;625002;"Ibérica zaragozana"
50201;625002;"Ibérica zaragozana"
50202;625002;"Ibérica zaragozana"
50203;625003;"Ribera del Ebro de Zaragoza"
50204;625003;"Ribera del Ebro de Zaragoza"
50205;625002;"Ibérica zaragozana"
50206;625003;"Ribera del Ebro de Zaragoza"
50207;625002;"Ibérica zaragozana"
50208;625003;"Ribera del Ebro de Zaragoza"
50209;625003;"Ribera del Ebro de Zaragoza"
50210;625002;"Ibérica zaragozana"
50211;625002;"Ibérica zaragozana"
50212;625003;"Ribera del Ebro de Zaragoza"
50213;625002;"Ibérica zaragozana"
50214;625002;"Ibérica zaragozana"
50215;625002;"Ibérica zaragozana"
50216;625002;"Ibérica zaragozana"
50217;625003;"Ribera del Ebro de Zaragoza"
50218;625002;"Ibérica zaragozana"
50219;625003;"Ribera del Ebro de Zaragoza"
50220;625002;"Ibérica zaragozana"
50221;625002;"Ibérica zaragozana"
50222;625003;"Ribera del Ebro de Zaragoza"
50223;625003;"Ribera del Ebro de Zaragoza"
50224;625002;"Ibérica zaragozana"
50225;625002;"Ibérica zaragozana"
50227;625002;"Ibérica zaragozana"
50228;625002;"Ibérica zaragozana"
50229;625002;"Ibérica zaragozana"
50230;625002;"Ibérica zaragozana"
50231;625002;"Ibérica zaragozana"
50232;625002;"Ibérica zaragozana"
50233;625002;"Ibérica zaragozana"
50234;625002;"Ibérica zaragozana"
50235;625003;"Ribera del Ebro de Zaragoza"
50236;625002;"Ibérica zaragozana"
50237;625002;"Ibérica zaragozana"
50238;625001;"Cinco Villas de Zaragoza"
50239;625002;"Ibérica zaragozana"
50240;625003;"Ribera del Ebro de Zaragoza"
50241;625002;"Ibérica zaragozana"
50242;625002;"Ibérica zaragozana"
50243;625002;"Ibérica zaragozana"
50244;625001;"Cinco Villas de Zaragoza"
50245;625001;"Cinco Villas de Zaragoza"
50246;625002;"Ibérica zaragozana"
50247;625003;"Ribera del Ebro de Zaragoza"
50248;625001;"Cinco Villas de Zaragoza"
50249;625002;"Ibérica zaragozana"
50250;625002;"Ibérica zaragozana"
50251;625002;"Ibérica zaragozana"
50252;625001;"Cinco Villas de Zaragoza"
50253;625002;"Ibérica zaragozana"
50254;625002;"Ibérica zaragozana"
50255;625002;"Ibérica zaragozana"
50256;625002;"Ibérica zaragozana"
50257;625003;"Ribera del Ebro de Zaragoza"
50258;625003;"Ribera del Ebro de Zaragoza"
50259;625003;"Ribera del Ebro de Zaragoza"
50260;625003;"Ribera del Ebro de Zaragoza"
50261;625003;"Ribera del Ebro de Zaragoza"
50262;625003;"Ribera del Ebro de Zaragoza"
50263;625003;"Ribera del Ebro de Zaragoza"
50264;625003;"Ribera del Ebro de Zaragoza"
50265;625003;"Ribera del Ebro de Zaragoza"
50266;625003;"Ribera del Ebro de Zaragoza"
50267;625001;"Cinco Villas de Zaragoza"
50268;625001;"Cinco Villas de Zaragoza"
50269;625003;"Ribera del Ebro de Zaragoza"
50270;625001;"Cinco Villas de Zaragoza"
50271;625003;"Ribera del Ebro de Zaragoza"
50272;625003;"Ribera del Ebro de Zaragoza"
50273;625003;"Ribera del Ebro de Zaragoza"
50274;625003;"Ribera del Ebro de Zaragoza"
50275;625003;"Ribera del Ebro de Zaragoza"
50276;625001;"Cinco Villas de Zaragoza"
50277;625003;"Ribera del Ebro de Zaragoza"
50278;625003;"Ribera del Ebro de Zaragoza"
50279;625003;"Ribera del Ebro de Zaragoza"
50280;625002;"Ibérica zaragozana"
50281;625002;"Ibérica zaragozana"
50282;625002;"Ibérica zaragozana"
50283;625002;"Ibérica zaragozana"
50284;625002;"Ibérica zaragozana"
50285;625003;"Ribera del Ebro de Zaragoza"
50286;625002;"Ibérica zaragozana"
50287;625002;"Ibérica zaragozana"
50288;625003;"Ribera del Ebro de Zaragoza"
50289;625002;"Ibérica zaragozana"
50290;625002;"Ibérica zaragozana"
50291;625002;"Ibérica zaragozana"
50292;625002;"Ibérica zaragozana"
50293;625002;"Ibérica zaragozana"
50294;625002;"Ibérica zaragozana"
50295;625002;"Ibérica zaragozana"
50296;625003;"Ribera del Ebro de Zaragoza"
50297;625003;"Ribera del Ebro de Zaragoza"
50298;625003;"Ribera del Ebro de Zaragoza"
50901;625001;"Cinco Villas de Zaragoza"
50902;625001;"Cinco Villas de Zaragoza"
50903;625003;"Ribera del Ebro de Zaragoza"
51001;785101;Ceuta
52001;795201;Melilla
